一	1	target	一	イチ,イツ,ひと-,ひと.つ	イチ、ひと・つ	yksi	一[いち] (yleisyys: 23.),一[ひと] (yleisyys: 146.),一人[ひとり] (yleisyys: 234.),一寸[ちょっと] (yleisyys: 287.),一般[いっぱん] (yleisyys: 338.)	一・いち	yksi	一つ・ひとつ	1 kpl	一月・いちがつ	tammikuu	一人・ひとり !	1 ihminen								Merkin vetojen lukumäärä: 1 <br> <a href="https://jisho.org/search/一%23kanji" target="_blank">一 Jisho-sanakirjassa</a>	Tähän voi kirjoittaa käsin lisätietoja	*一*
二	1	target	二	ニ,ジ,ふた,ふた.つ,ふたたび	ニ、ふた・つ	kaksi	二[に] (yleisyys: 28.),二十[にじゅう] (yleisyys: 66.),二千[にせん] (yleisyys: 193.),二百[にひゃく] (yleisyys: 239.),二人[ふたり] (yleisyys: 252.)	二・に	kaksi	二つ・ふたつ	2 kpl	二月・にがつ	helmikuu	二人・ふたり !	2 ihmistä								Merkin vetojen lukumäärä: 2 <br> <a href="https://jisho.org/search/二%23kanji" target="_blank">二 Jisho-sanakirjassa</a>	Tähän voi kirjoittaa käsin lisätietoja	*二*
三	1	target	三	サン,ゾウ,み,み.つ,みっ.つ	サン、みっ・つ	kolme	三[さん] (yleisyys: 32.),三十[さんじゅう] (yleisyys: 89.),三百[さんびゃく] (yleisyys: 368.),三[み] (yleisyys: 586.),三千[さんぜん] (yleisyys: 675.)	三・さん	kolme	三つ・みっつ	3 kpl	三月・さんがつ	maaliskuu	三人・さんにん	3 ihmistä								Merkin vetojen lukumäärä: 3 <br> <a href="https://jisho.org/search/三%23kanji" target="_blank">三 Jisho-sanakirjassa</a>	Tähän voi kirjoittaa käsin lisätietoja	*三*
四	1	target	四	シ,よ,よ.つ,よっ.つ,よん	シ、よっ・つ	neljä	四[よん] (yleisyys: 49.),四十[よんじゅう] (yleisyys: 136.),四百[よんひゃく] (yleisyys: 499.),四[し] (yleisyys: 673.),四千[よんせん] (yleisyys: 1136.)	四・し/よん	neljä	四つ・よっつ	4 kpl	四月・しがつ	huhtikuu	四人・よにん	4 ihmistä								Merkin vetojen lukumäärä: 5 <br> <a href="https://jisho.org/search/四%23kanji" target="_blank">四 Jisho-sanakirjassa</a>	Tähän voi kirjoittaa käsin lisätietoja	*四*
五	1	target	五	ゴ,いつ,いつ.つ	ゴ、いつ・つ	viisi	五[ご] (yleisyys: 44.),五十[ごじゅう] (yleisyys: 109.),五百[ごひゃく] (yleisyys: 341.),五千[ごせん] (yleisyys: 799.),五[いつ] (yleisyys: 1450.)	五・ご	viisi	五つ・いつつ	5 kpl	五月・ごがつ	toukokuu	五人・ごにん	5 ihmistä								Merkin vetojen lukumäärä: 4 <br> <a href="https://jisho.org/search/五%23kanji" target="_blank">五 Jisho-sanakirjassa</a>	Tähän voi kirjoittaa käsin lisätietoja	*五*
亠	1	comp	亠	トウ	トウ	kattilankansi																	Merkin vetojen lukumäärä: 2 <br> <a href="https://jisho.org/search/亠%23kanji" target="_blank">亠 Jisho-sanakirjassa</a>	vain komponentti	
六	1	target	亠八	ロク,リク,む,む.つ,むっ.つ,むい	ロク、むっ・つ	kuusi	六[ろく] (yleisyys: 65.),六十[ろくじゅう] (yleisyys: 161.),六百[ろっぴゃく] (yleisyys: 568.),六千[ろくせん] (yleisyys: 1309.),六[む] (yleisyys: 2141.)	六・ろく	kuusi	六つ・むっつ	6 kpl	六月・ろくがつ	kesäkuu	六人・ろくにん	6 ihmistä								Merkin vetojen lukumäärä: 4 <br> <a href="https://jisho.org/search/六%23kanji" target="_blank">六 Jisho-sanakirjassa</a>	Tähän voi kirjoittaa käsin lisätietoja	*六*
七	1	target	七	シチ,なな,なな.つ,なの	シチ、なな・つ	seitsemän	七[なな] (yleisyys: 75.),七十[ななじゅう] (yleisyys: 184.),七[しち] (yleisyys: 518.),七百[ななひゃく] (yleisyys: 579.),七千[ななせん] (yleisyys: 1593.)	七・しち/なな	seitsemän	七つ・ななつ	7 kpl	七月・しちがつ	heinäkuu	七人・ななにん／しちにん	7 ihmistä								Merkin vetojen lukumäärä: 2 <br> <a href="https://jisho.org/search/七%23kanji" target="_blank">七 Jisho-sanakirjassa</a>	Tähän voi kirjoittaa käsin lisätietoja	*七*
八	1	target	八	ハチ,や,や.つ,やっ.つ,よう	ハチ、やっ・つ	kahdeksan	八[はち] (yleisyys: 70.),八十[はちじゅう] (yleisyys: 170.),八百[はっぴゃく] (yleisyys: 349.),八千[はっせん] (yleisyys: 1507.),八[や] (yleisyys: 2228.)	八・はち	kahdeksan	八つ・やっつ	8 kpl	八月・はちがつ	elokuu	八人・はちにん	8 ihmistä								Merkin vetojen lukumäärä: 2 <br> <a href="https://jisho.org/search/八%23kanji" target="_blank">八 Jisho-sanakirjassa</a>	Tähän voi kirjoittaa käsin lisätietoja	*八*
九	1	target	九	キュウ,ク,ここの,ここの.つ	キュウ、ここの・つ	yhdeksän	九[きゅう] (yleisyys: 76.),九百[きゅうひゃく] (yleisyys: 119.),九十[きゅうじゅう] (yleisyys: 163.),九千[きゅうせん] (yleisyys: 1610.),九[ここの] (yleisyys: 2578.)	九・きゅう	yhdeksän	九つ・ここのつ	9 kpl	九月・くがつ！	syyskuu	九人・きゅうにん	9 ihmistä								Merkin vetojen lukumäärä: 2 <br> <a href="https://jisho.org/search/九%23kanji" target="_blank">九 Jisho-sanakirjassa</a>	Tähän voi kirjoittaa käsin lisätietoja	*九*
十	1	target	十	ジュウ,ジッ,ジュッ,とお,と	ジュウ、とお	kymmenen	十[じゅう] (yleisyys: 33.),二十[にじゅう] (yleisyys: 66.),三十[さんじゅう] (yleisyys: 89.),五十[ごじゅう] (yleisyys: 109.),四十[よんじゅう] (yleisyys: 136.)	十・じゅう	kymmenen	十・とう	10 kpl	１０月・じゅうがつ	lokakuu	十人・じゅうにん	10 ihmistä								Merkin vetojen lukumäärä: 2 <br> <a href="https://jisho.org/search/十%23kanji" target="_blank">十 Jisho-sanakirjassa</a>	Tähän voi kirjoittaa käsin lisätietoja	*十*
￠	2	comp			-																			vain komponentti	
口	2	comp	口	コウ,ク,くち	コウ、くち	suu	口[くち] (yleisyys: 403.),人口[じんこう] (yleisyys: 1071.),入り口[いりぐち] (yleisyys: 2372.),窓口[まどぐち] (yleisyys: 2671.),口調[くちょう] (yleisyys: 2812.)	口・くち	suu	人口・じんこう	väkiluku					口を大きくあけてください。	Avaa suu isoksi.	日本の人口は何人ですか	Mikä on Japanin väkiluku?				Merkin vetojen lukumäärä: 3 <br> <a href="https://jisho.org/search/口%23kanji" target="_blank">口 Jisho-sanakirjassa</a>	Tähän voi kirjoittaa käsin lisätietoja	*口*
可	2	comp	￠口	カ,コク,-べ.き,-べ.し	カ	mahdollinen	可能[かのう] (yleisyys: 237.),可成[かなり] (yleisyys: 532.),可愛い[かわいい] (yleisyys: 1064.),可笑しい[おかしい] (yleisyys: 1504.),許可[きょか] (yleisyys: 1638.)																Merkin vetojen lukumäärä: 5 <br> <a href="https://jisho.org/search/可%23kanji" target="_blank">可 Jisho-sanakirjassa</a>		
亻	2	comp	亻			ihminen (人 kun tämä komponentti on merkin vasemmalla puolella)																	Merkin vetojen lukumäärä: 2 <br> <a href="https://jisho.org/search/亻%23kanji" target="_blank">亻 Jisho-sanakirjassa</a>	vain komponentti	
何	2	target	亻可	カ,なに,なん,なに-,なん-	なに、なん	mikä?	何[なに] (yleisyys: 62.),何時[いつ] (yleisyys: 202.),何処[どこ] (yleisyys: 240.),何[なん] (yleisyys: 277.),何の[どの] (yleisyys: 323.)	何・なに、なん	mikä, mitä							しゅみは何ですか。							Merkin vetojen lukumäärä: 7 <br> <a href="https://jisho.org/search/何%23kanji" target="_blank">何 Jisho-sanakirjassa</a>	Tähän voi kirjoittaa käsin lisätietoja	*何*
寸	2	comp	寸	スン	スン	vanha pituusmitta sun, n. 3 cm	一寸[ちょっと] (yleisyys: 287.)																Merkin vetojen lukumäärä: 3 <br> <a href="https://jisho.org/search/寸%23kanji" target="_blank">寸 Jisho-sanakirjassa</a>		
土	2	comp	土	ド,ト,つち	ド、つち	maa, maaperä	土地[とち] (yleisyys: 646.),土[ど] (yleisyys: 1281.),国土[こくど] (yleisyys: 2429.),土[つち] (yleisyys: 2515.),土曜[どよう] (yleisyys: 2586.)	土・つち	maa, maaperä	土曜日・どようび	lauantai												Merkin vetojen lukumäärä: 3 <br> <a href="https://jisho.org/search/土%23kanji" target="_blank">土 Jisho-sanakirjassa</a>	Tähän voi kirjoittaa käsin lisätietoja	*土*
寺	2	comp	土寸	ジ,てら	ジ,てら	(buddhalainen) temppeli	寺[じ] (yleisyys: 1161.),寺[てら] (yleisyys: 2546.)																Merkin vetojen lukumäärä: 6 <br> <a href="https://jisho.org/search/寺%23kanji" target="_blank">寺 Jisho-sanakirjassa</a>		
日	2	comp	日	ニチ,ジツ,ひ,-び,-か	ニチ、ひ	aurinko, päivä	日本[にっぽん] (yleisyys: 78.),日[にち] (yleisyys: 106.),日[ひ] (yleisyys: 150.),日[か] (yleisyys: 169.),今日[きょう] (yleisyys: 247.)	日・ひ	päivä, aurinko	何日・なんにち	mikä kuukaudenpäivä					ゆう日がきれいです。	Auringonlasku on kaunis.	こどもの日は何日ですか。	Mikä päivä on lasten päivä?				Merkin vetojen lukumäärä: 4 <br> <a href="https://jisho.org/search/日%23kanji" target="_blank">日 Jisho-sanakirjassa</a>	Tähän voi kirjoittaa käsin lisätietoja	*日*																		
時	2	target	日寺	ジ,とき,-どき	ジ、とき	aika, tunti	時[とき] (yleisyys: 64.),時[じ] (yleisyys: 122.),時間[じかん] (yleisyys: 134.),何時[いつ] (yleisyys: 202.),時代[じだい] (yleisyys: 244.)	時・とき	aika	〜時・じ	tunnit kellonajassa	何時・なんじ	mikä kellonaika			きゅうけいの時にたいそうしましょう。	Jumpataan tauoilla!	いま何時ですか。	Mitä kello on?				Merkin vetojen lukumäärä: 10 <br> <a href="https://jisho.org/search/時%23kanji" target="_blank">時 Jisho-sanakirjassa</a>	Tähän voi kirjoittaa käsin lisätietoja	*時*
刀	2	comp	刀	トウ,かたな,そり	トウ、かたな	veitsi, miekka	刀[かたな] (yleisyys: 4356.)																Merkin vetojen lukumäärä: 2 <br> <a href="https://jisho.org/search/刀%23kanji" target="_blank">刀 Jisho-sanakirjassa</a>		
分	2	target	八刀	ブン,フン,ブ,わ.ける,わ.け,わ.かれる,わ.かる,わ.かつ	ブン、わかる	osa, minuutti; ymmärtää; jakaa	自分[じぶん] (yleisyys: 87.),分かる[わかる] (yleisyys: 105.),分[ふん] (yleisyys: 238.),部分[ぶぶん] (yleisyys: 344.),分[ぶん] (yleisyys: 476.)	〜分・ふん、ぶん、ぷん	minuutti	何分	montako minutttia yli	分かる・わかる	ymmärtää			じゅぎょうは四時十五分におわります。	Oppitunti loppuu viisitoista yli neljä.	何時何分ですか。	Mitä kello tarkalleen on?	ロシアごは分かりません。	En ymmärrä venäjää.		Merkin vetojen lukumäärä: 4 <br> <a href="https://jisho.org/search/分%23kanji" target="_blank">分 Jisho-sanakirjassa</a>	Tähän voi kirjoittaa käsin lisätietoja	*分*
半	2	target		なか.ば, ハン	ハン	puolikas		一時半	puoli kaksi	半分	puolikas					一時半です。	Kello on puoli kaksi.	半分にしますか。	Laitetaanko puoliksi?						
日	2	target	日	ニチ,ジツ,ひ,-び,-か	ニチ、ひ	aurinko, päivä	日本[にっぽん] (yleisyys: 78.),日[にち] (yleisyys: 106.),日[ひ] (yleisyys: 150.),日[か] (yleisyys: 169.),今日[きょう] (yleisyys: 247.)	日・ひ	päivä, aurinko	何日・なんにち	mikä kuukaudenpäivä					ゆう日がきれいです。	Auringonlasku on kaunis.	こどもの日は何日ですか。	Mikä päivä on lasten päivä?				Merkin vetojen lukumäärä: 4 <br> <a href="https://jisho.org/search/日%23kanji" target="_blank">日 Jisho-sanakirjassa</a>	Tähän voi kirjoittaa käsin lisätietoja	*日*
月	2	target	月	ゲツ,ガツ,つき	ガツ、ゲツ、つき	kuu; kuukausi	月[がつ] (yleisyys: 69.),箇月[かげつ] (yleisyys: 488.),月[つき] (yleisyys: 1101.),正月[しょうがつ] (yleisyys: 3161.),毎月[まいつき] (yleisyys: 3327.)	月・つき	kuu	四月・しがつ	huhtikuu	月曜日・げつようび	maanantai			月にうさぎはいますか。	Onko kuussa jäniksiä?	いもうとが四月に生まれました。	Minulle syntyi pikkusisko huhtikuussa.	月曜日はいそがしいですか。	Onko maanantai kiireinen?		Merkin vetojen lukumäärä: 4 <br> <a href="https://jisho.org/search/月%23kanji" target="_blank">月 Jisho-sanakirjassa</a>	Tähän voi kirjoittaa käsin lisätietoja	*月*
年	2	target	年	ネン,とし	ネン、とし	vuosi	年[ねん] (yleisyys: 42.),年度[ねんど] (yleisyys: 273.),年間[ねんかん] (yleisyys: 564.),年金[ねんきん] (yleisyys: 750.),今年[ことし] (yleisyys: 845.)	年・とし	vuosi	2029年	vuosi 2029	二年生・にねんせい	2. luokkalainen			お年はいくつですか。	Mikä vuosi nyt on?	2029年はれいわ十年です。	Vuosi 2029 on Reiwa-kauden 10. vuosi.	ティモさんは二年生ですか	Onko Timo 2. luokkalainen?		Merkin vetojen lukumäärä: 6 <br> <a href="https://jisho.org/search/年%23kanji" target="_blank">年 Jisho-sanakirjassa</a>	Tähän voi kirjoittaa käsin lisätietoja	*年*
生	2	target	生	セイ,ショウ,い.きる,い.かす,い.ける,う.まれる,うま.れる,う.まれ,うまれ,う.む,お.う,は.える,は.やす,き,なま,なま-,な.る,な.す,む.す,-う	セイ、いき・る、うまれる、うまれ	elämä; syntymä	生活[せいかつ] (yleisyys: 196.),先生[せんせい] (yleisyys: 320.),生[せい] (yleisyys: 330.),生きる[いきる] (yleisyys: 421.),生産[せいさん] (yleisyys: 465.)	生年月日・せいねんがっぴ	syntymäaika	生きる・いきる	elää	生まれる	syntyä	〜生まれ・うまれ	syntynyt	生年月日をかいてください。	Kirjoittakaa syntymäaikanne.	ひゃくさいまで生きたいですか。	Haluaisitko elää satavuotiaaksi?	あかちゃんが生まれました。	Vauva syntyi.	何月生まれですか。Missä kuussa olet syntynyt?	Merkin vetojen lukumäärä: 5 <br> <a href="https://jisho.org/search/生%23kanji" target="_blank">生 Jisho-sanakirjassa</a>	Tähän voi kirjoittaa käsin lisätietoja	*生*
口	2	target	口	コウ,ク,くち	コウ、くち	suu	口[くち] (yleisyys: 403.),人口[じんこう] (yleisyys: 1071.),入り口[いりぐち] (yleisyys: 2372.),窓口[まどぐち] (yleisyys: 2671.),口調[くちょう] (yleisyys: 2812.)	口・くち	suu	人口・じんこう	väkiluku					口を大きくあけてください。	Avaa suu isoksi.	フィンランドの人口は何ですか。	Mikä on Suomen väkiluku?				Merkin vetojen lukumäärä: 3 <br> <a href="https://jisho.org/search/口%23kanji" target="_blank">口 Jisho-sanakirjassa</a>	Tähän voi kirjoittaa käsin lisätietoja	*口*
目	2	target	目	モク,ボク,め,-め,ま-	モク、め	silmä	目[め] (yleisyys: 162.),目[め] (yleisyys: 300.),目的[もくてき] (yleisyys: 433.),駄目[だめ] (yleisyys: 741.),目標[もくひょう] (yleisyys: 989.)	目・め	silmä	目的・もくてき	päämäärä, tavoite; aie, tarkoitus	科目・かもく	kouluaine			うえのさんは 目がいい。	Uenon näkö on hyvä (silmät ovat hyvät).	わたしの目的はいしゃになることです。	Tavoitteeni on tulla lääkäriksi.	すきな科目は何ですか。	Mistä kouluaineesta pidät?		Merkin vetojen lukumäärä: 5 <br> <a href="https://jisho.org/search/目%23kanji" target="_blank">目 Jisho-sanakirjassa</a>	Tähän voi kirjoittaa käsin lisätietoja	*目*
耳	2	target	耳	ジ,みみ	みみ	korva	耳[みみ] (yleisyys: 1049.)	耳・みみ	korva							ダンボが耳がおおきいです。	Dumbolla on isot korvat.						Merkin vetojen lukumäärä: 6 <br> <a href="https://jisho.org/search/耳%23kanji" target="_blank">耳 Jisho-sanakirjassa</a>	Tähän voi kirjoittaa käsin lisätietoja	*耳*
手	2	target	手	シュ,ズ,て,て-,-て,た-	シュ、て	käsi	手[て] (yleisyys: 177.),相手[あいて] (yleisyys: 299.),選手[せんしゅ] (yleisyys: 800.),手続き[てつづき] (yleisyys: 1119.),手紙[てがみ] (yleisyys: 1336.)	手・て	käsi	手足・てあし	kädet ja jalat, raajat	選手・せんしゅ	urheilija			手を二かいたたいておじぎをします。	Taputa kaksi kertaa ja kumarra.	ゆきさんは手足がつめたいです。	Yukilla on kylmät kädet ja jalat.	スポーツ選手はたいへんですね。	Urheilijoilla on rankkaa.		Merkin vetojen lukumäärä: 4 <br> <a href="https://jisho.org/search/手%23kanji" target="_blank">手 Jisho-sanakirjassa</a>	Tähän voi kirjoittaa käsin lisätietoja	*手*
龰	2	comp				pysähtyä (止, variaatio kun komponenttina alhaalla)																			
足	2	target	口龰	ソク,あし,た.りる,た.る,た.す	ソク、あし、た・りる	jalka; laskusana sukille ja kengille; riittää	足[あし] (yleisyys: 636.),不足[ふそく] (yleisyys: 1498.),満足[まんぞく] (yleisyys: 1513.),足りる[たりる] (yleisyys: 2253.),足元[あしもと] (yleisyys: 3531.)	足・あし	jalka	足りる・たりる	riittää	〜足・そく	laskusana sukka- ja kenkäpareille			ゆうさんは足がはやいです。	Yuu on nopea jaloistaan.	おかねは足りません。	Rahat eivät riitä.	ソックスの三足セットはやすいです。	3:n sukkaparin setti on halpa.		Merkin vetojen lukumäärä: 7 <br> <a href="https://jisho.org/search/足%23kanji" target="_blank">足 Jisho-sanakirjassa</a>		
人	2	target	人	ジン,ニン,ひと,-り,-と	ニン、ジン、ひと	ihminen	人[ひと] (yleisyys: 67.),人[にん] (yleisyys: 132.),人[じん] (yleisyys: 138.),人間[にんげん] (yleisyys: 192.),一人[ひとり] (yleisyys: 234.)	人・ひと	ihminen	何人・なんにん	kuinka monta henkilöä			一人・ひとり ! 二人・ふたり ! 三人・さんにん !	yksi ihminen kaksi ihmistä kolme ihmistä	好きな人はいますか。	Onko sinulla mielitiettyä?	きょうだいは何人ですか？	Kuinka monta sisarusta sinulla on?				Merkin vetojen lukumäärä: 2 <br> <a href="https://jisho.org/search/人%23kanji" target="_blank">人 Jisho-sanakirjassa</a>	Tähän voi kirjoittaa käsin lisätietoja	*人*
小	2	target	小	ショウ,ちい.さい,こ-,お-,さ-	ショウ、ちい・さい	pieni	小[しょう] (yleisyys: 399.),小さい[ちいさい] (yleisyys: 714.),小さな[ちいさな] (yleisyys: 726.),小説[しょうせつ] (yleisyys: 1433.),小学[しょうがく] (yleisyys: 1839.)	小さい・ちいさい	pieni	大中小・だいちゅうしょう	suuri, keskikokoinen, pieni (esim. annoskoko)					小さいこえではなしましょう。	Puhutaanpas hiljaisella (pienellä) äänellä.	サイズは大中小がございます。	Koot ovat, iso, keskikokoinen ja pieni.				Merkin vetojen lukumäärä: 3 <br> <a href="https://jisho.org/search/小%23kanji" target="_blank">小 Jisho-sanakirjassa</a>	Tähän voi kirjoittaa käsin lisätietoja	*小*
大	2	target	大	ダイ,タイ,おお-,おお.きい,-おお.いに	ダイ、おお・きい	suuri	大[だい] (yleisyys: 213.),大きい[おおきい] (yleisyys: 233.),大きな[おおきな] (yleisyys: 282.),大学[だいがく] (yleisyys: 318.),大臣[だいじん] (yleisyys: 534.)	大きい・おおきい	iso	大学・だいがく	yliopisto					大きいサイズでおねがいします。	Saisinko ison [vaatekoon].	あねは大学生です。	Isosiskoni on yliopisto-opiskelija.				Merkin vetojen lukumäärä: 3 <br> <a href="https://jisho.org/search/大%23kanji" target="_blank">大 Jisho-sanakirjassa</a>	Tähän voi kirjoittaa käsin lisätietoja	*大*
犬	2	target	犬	ケン,いぬ,いぬ-	いぬ	koira	犬[いぬ] (yleisyys: 1130.),犬[けん] (yleisyys: 4842.)	犬・いぬ	koira														Merkin vetojen lukumäärä: 4 <br> <a href="https://jisho.org/search/犬%23kanji" target="_blank">犬 Jisho-sanakirjassa</a>		
木	2	comp	木	ボク,モク,き,こ-	モク、き	puu	木[き] (yleisyys: 648.),木材[もくざい] (yleisyys: 4555.),木曜[もくよう] (yleisyys: 4908.)	木・き	puu	木曜日・もくようび	torstai												Merkin vetojen lukumäärä: 4 <br> <a href="https://jisho.org/search/木%23kanji" target="_blank">木 Jisho-sanakirjassa</a>	Tähän voi kirjoittaa käsin lisätietoja	*木*
本	2	target	木一	ホン、もと	ホン	kirja; alkuperä; todellinen, aito; laskusana sylinterinmuotoisille esineille	日本[にっぽん] (yleisyys: 78.),本当[ほんとう] (yleisyys: 248.),基本[きほん] (yleisyys: 367.),本[ほん] (yleisyys: 538.),本[ほん] (yleisyys: 539.)	本・ほん	kirja	本当・ほんとう	tosi	日本・にほん・にっぽん	Japani	日本人・にほんじん	japanilainen	本をよむことがしゅみです。	Lukeminen on harrastukseni.	そのおはなしは本とうですか。	Onko tuo tarina tosi?	日本はじしんがおおいです。	Japanissa on paljon maanjäristyksiä.	先生は日本人じゃありません。Opettaja ei ole japanilainen	Merkin vetojen lukumäärä: 5 <br> <a href="https://jisho.org/search/本%23kanji" target="_blank">本 Jisho-sanakirjassa</a>	Tähän voi kirjoittaa käsin lisätietoja	*本*
中	2	target	中	チュウ,なか,うち,あた.る	チュウ、なか	keskellä, sisällä	中[なか] (yleisyys: 82.),中[ちゅう] (yleisyys: 208.),中国[ちゅうごく] (yleisyys: 390.),中心[ちゅうしん] (yleisyys: 413.),中[ちゅう] (yleisyys: 729.)	中・なか	keskellä; sisällä	中学生・ちゅうがくせい	yläkoululainen					リュックの中におかしがあります。	Repussa on herkkuja.	ぼくは中学生です。	Olen yläkoululainen.				Merkin vetojen lukumäärä: 4 <br> <a href="https://jisho.org/search/中%23kanji" target="_blank">中 Jisho-sanakirjassa</a>	Tähän voi kirjoittaa käsin lisätietoja	*中*
言	2	target	言	ゲン,ゴン,い.う,こと		puhua; sana	言う[いう] (yleisyys: 18.),言葉[ことば] (yleisyys: 222.),言語[げんご] (yleisyys: 1510.),発言[はつげん] (yleisyys: 1947.),一言[ひとこと] (yleisyys: 1994.)	言う・いう	sanoa	言葉・ことば？？？													Merkin vetojen lukumäärä: 7 <br> <a href="https://jisho.org/search/言%23kanji" target="_blank">言 Jisho-sanakirjassa</a>	Tähän voi kirjoittaa käsin lisätietoja	*言*
語	2	target	言五口	ゴ,かた.る,かた.らう		sana; kieli	語[ご] (yleisyys: 408.),語る[かたる] (yleisyys: 890.),英語[えいご] (yleisyys: 1185.),物語[ものがたり] (yleisyys: 1490.),言語[げんご] (yleisyys: 1510.)	語・ご	kieli; sana	言語・げんご	kieli							フィンランドは何ごですか。	Mitä kieltä Suomessa puhutaan?				Merkin vetojen lukumäärä: 14 <br> <a href="https://jisho.org/search/語%23kanji" target="_blank">語 Jisho-sanakirjassa</a>	Tähän voi kirjoittaa käsin lisätietoja	*語*
王	2	comp	王			kuningas																			
玉	2	comp	丶王			pallo; jalokivi																			
囗	2	comp	囗	イ,コク		aitaus																	Merkin vetojen lukumäärä: 3 <br> <a href="https://jisho.org/search/囗%23kanji" target="_blank">囗 Jisho-sanakirjassa</a>		
国	2	target	囗玉	くに,コク		valtio, maa																			
丿	2	comp	丿	ヘツ,えい,よう		katakana no																	Merkin vetojen lukumäärä: 1 <br> <a href="https://jisho.org/search/丿%23kanji" target="_blank">丿 Jisho-sanakirjassa</a>	vain komponentti	
白	2	comp	丿日	ハク,ビャク,しろ,しら-,しろ.い	しろ、しろい	valkoinen	面白い[おもしろい] (yleisyys: 785.),白い[しろい] (yleisyys: 1045.),白[しろ] (yleisyys: 1053.),蛋白[たんぱく] (yleisyys: 2811.),告白[こくはく] (yleisyys: 4025.)	白い・しろい	valkoinen	白黒・しろくろ	mustavalkoinen					りんごのはなは白いです。	Omenankukat ovat valkoisia.	むかしのテレビは白黒でした。	Ennen vanhaan televisio(n kuva) oli mustavalkoinen.				Merkin vetojen lukumäärä: 5 <br> <a href="https://jisho.org/search/白%23kanji" target="_blank">白 Jisho-sanakirjassa</a>	Tähän voi kirjoittaa käsin lisätietoja	*白*
百	2	target	一白	ヒャク,ビャク,もも	ヒャク、ビャク	sata	九百[きゅうひゃく] (yleisyys: 119.),百[ひゃく] (yleisyys: 124.),二百[にひゃく] (yleisyys: 239.),五百[ごひゃく] (yleisyys: 341.),八百[はっぴゃく] (yleisyys: 349.)	百・ひゃく	sata														Merkin vetojen lukumäärä: 6 <br> <a href="https://jisho.org/search/百%23kanji" target="_blank">百 Jisho-sanakirjassa</a>	Tähän voi kirjoittaa käsin lisätietoja	*百*
千	2	target	千	セン,ち	セン,ち	tuhat	千[せん] (yleisyys: 86.),二千[にせん] (yleisyys: 193.),三千[さんぜん] (yleisyys: 675.),五千[ごせん] (yleisyys: 799.),四千[よんせん] (yleisyys: 1136.)	千・せん	tuhat														Merkin vetojen lukumäärä: 3 <br> <a href="https://jisho.org/search/千%23kanji" target="_blank">千 Jisho-sanakirjassa</a>	Tähän voi kirjoittaa käsin lisätietoja	*千*
万	2	target	万	マン,バン,よろず	マン	10000	万[まん] (yleisyys: 117.)	万・まん	10000							フィンランドの人口は五百五十万人ぐらいです。	Suomen väkiluku on 5,5 miljoonaa (japaniksi: 550 x 10 000).						Merkin vetojen lukumäärä: 3 <br> <a href="https://jisho.org/search/万%23kanji" target="_blank">万 Jisho-sanakirjassa</a>	Tähän voi kirjoittaa käsin lisätietoja	*万*
円	2	target	円	エン,まる.い,まる,まど,まど.か,まろ.やか	エン	ympyrä; jeni	円[えん] (yleisyys: 116.),円[えん] (yleisyys: 2823.),円滑[えんかつ] (yleisyys: 3738.)	円・えん	jeni	何円・なんえん	montako jeniä?					日本人は一万円さつが大好きです。	Japanilaiset pitävät kovasti 10 000 jenin setelistä						Merkin vetojen lukumäärä: 4 <br> <a href="https://jisho.org/search/円%23kanji" target="_blank">円 Jisho-sanakirjassa</a>	Tähän voi kirjoittaa käsin lisätietoja	*円*
火	3	target	火	カ,ひ,-び,ほ-		tuli	火[ひ] (yleisyys: 1325.),火[か] (yleisyys: 2029.),火災[かさい] (yleisyys: 2842.),火山[かざん] (yleisyys: 4509.),花火[はなび] (yleisyys: 4892.)	火・ひ	tuli, liekki	火曜日・かようび	tiistai												Merkin vetojen lukumäärä: 4 <br> <a href="https://jisho.org/search/火%23kanji" target="_blank">火 Jisho-sanakirjassa</a>	Tähän voi kirjoittaa käsin lisätietoja	*火*
水	3	target	水	スイ,みず,みず-	スイ,みず	vesi	水[みず] (yleisyys: 378.),水準[すいじゅん] (yleisyys: 1691.),水[すい] (yleisyys: 1956.),水[すい] (yleisyys: 2362.),水産[すいさん] (yleisyys: 2660.)	水・みず	(kylmä) vesi	水よう日・すいようび	keskiviikko					フィンランドの水はおいしいです。	Suomalainen vesi on hyvänmakuista.	水よう日にテニスをします。	Keskiviikkona pelaan tennistä.				Merkin vetojen lukumäärä: 4 <br> <a href="https://jisho.org/search/水%23kanji" target="_blank">水 Jisho-sanakirjassa</a>	Tähän voi kirjoittaa käsin lisätietoja	*水*
金	3	target	金	キン,コン,ゴン,かね,かな-,-がね		kulta; metalli; raha	金[かね] (yleisyys: 454.),金[きん] (yleisyys: 466.),年金[ねんきん] (yleisyys: 750.),金融[きんゆう] (yleisyys: 831.),資金[しきん] (yleisyys: 847.)	金・かね	raha	金曜日・きんようび	perjantai	金・きん	kulta										Merkin vetojen lukumäärä: 8 <br> <a href="https://jisho.org/search/金%23kanji" target="_blank">金 Jisho-sanakirjassa</a>	Tähän voi kirjoittaa käsin lisätietoja	*金*
入	3	target	入	ニュウ,ジュ,い.る,-い.る,-い.り,い.れる,-い.れ,はい.る	いり、いれる、はいる	mennä sisään	入る[はいる] (yleisyys: 152.),入れる[いれる] (yleisyys: 223.),購入[こうにゅう] (yleisyys: 872.),輸入[ゆにゅう] (yleisyys: 1112.),導入[どうにゅう] (yleisyys: 1180.)	入る・はいる	mennä sisään, tulla sisään	入れる・いれる	laittaa sisään	入口・いりぐち	sisäänkäynti			先にお入り下さい	Menkää vain edeltä (kylpyyn).	ここにカードを入れてください。	Laittakaa kortti tähän (ohje laitteessa tms.)	入り口はあそこです。	Sisäänkäynti on tuolla.		Merkin vetojen lukumäärä: 2 <br> <a href="https://jisho.org/search/入%23kanji" target="_blank">入 Jisho-sanakirjassa</a>	Tähän voi kirjoittaa käsin lisätietoja	*入*
出	3	target	出	シュツ,スイ,で.る,-で,だ.す,-だ.す,い.でる,い.だす	で、でる、だす	mennä ulos	出来る[できる] (yleisyys: 50.),出る[でる] (yleisyys: 110.),出す[だす] (yleisyys: 171.),思い出す[おもいだす] (yleisyys: 1034.),提出[ていしゅつ] (yleisyys: 1251.)	出る・でる	mennä ulos, tulla ulos	出す・だす	ottaa ulos	出口・でぐち	uloskäynti			はなみずが出る。	Nenä vuotaa (oik. nenästä tulee räkää)	しゅくだいを出してください。	Ottakaa kotiläksyt esille ("ulos")	出口はどこですか。	Missä on uloskäynti?		Merkin vetojen lukumäärä: 5 <br> <a href="https://jisho.org/search/出%23kanji" target="_blank">出 Jisho-sanakirjassa</a>	Tähän voi kirjoittaa käsin lisätietoja	*出*
門	3	comp	門	モン,かど,と		portti	専門[せんもん] (yleisyys: 743.),部門[ぶもん] (yleisyys: 1640.),門[もん] (yleisyys: 2145.)																Merkin vetojen lukumäärä: 8 <br> <a href="https://jisho.org/search/門%23kanji" target="_blank">門 Jisho-sanakirjassa</a>		
聞	3	target	門耳	ブン,モン,き.く,き.こえる		kuulla; kuunnella; kysyä	聞く[きく] (yleisyys: 135.),新聞[しんぶん] (yleisyys: 664.),聞こえる[きこえる] (yleisyys: 1048.)	聞く・きく	kuulla; kuunnella; kysyä	新聞・しんぶん	sanomalehti												Merkin vetojen lukumäärä: 14 <br> <a href="https://jisho.org/search/聞%23kanji" target="_blank">聞 Jisho-sanakirjassa</a>	Tähän voi kirjoittaa käsin lisätietoja	*聞*
見	3	target	見	ケン,み.る,み.える,み.せる		nähdä; katsoa	見る[みる] (yleisyys: 47.),見える[みえる] (yleisyys: 241.),見せる[みせる] (yleisyys: 562.),意見[いけん] (yleisyys: 642.),発見[はっけん] (yleisyys: 980.)	見る・みる	nähdä; katsoa; kokeilla	意見・いけん？？？													Merkin vetojen lukumäärä: 7 <br> <a href="https://jisho.org/search/見%23kanji" target="_blank">見 Jisho-sanakirjassa</a>	Tähän voi kirjoittaa käsin lisätietoja	*見*
来	3	target	来	ライ,タイ,く.る,きた.る,きた.す,き.たす,き.たる,き,こ		Kanjin merkityksiä englanniksi: come, due, next, cause, become;	来る[くる] (yleisyys: 43.),出来る[できる] (yleisyys: 50.),将来[しょうらい] (yleisyys: 1031.),以来[いらい] (yleisyys: 1179.),従来[じゅうらい] (yleisyys: 1389.)	来る・くる	tulla	来月・らいげつ	ensi kuu	来年・らいねん	ensi vuosi										Merkin vetojen lukumäärä: 7 <br> <a href="https://jisho.org/search/来%23kanji" target="_blank">来 Jisho-sanakirjassa</a>	Tähän voi kirjoittaa käsin lisätietoja	*来*
丁	3	comp	丁	チョウ,テイ,チン,トウ,チ,ひのと		Kanjin merkityksiä englanniksi: street, ward, town, counter for guns, tools, leaves or cakes of something, even number, 4th calendar sign;	丁度[ちょうど] (yleisyys: 1460.),丁目[ちょうめ] (yleisyys: 2709.),丁寧[ていねい] (yleisyys: 3051.)																Merkin vetojen lukumäärä: 2 <br> <a href="https://jisho.org/search/丁%23kanji" target="_blank">丁 Jisho-sanakirjassa</a>		
亍	3	comp	一丁	チョク,たたず.む		ottaa pieniä askelia																	Merkin vetojen lukumäärä: 3 <br> <a href="https://jisho.org/search/亍%23kanji" target="_blank">亍 Jisho-sanakirjassa</a>		
彳	3	comp	彳	テキ,たたず.む		Kanjin merkityksiä englanniksi: stop, linger, loiter, going man radical (no. 60);																	Merkin vetojen lukumäärä: 3 <br> <a href="https://jisho.org/search/彳%23kanji" target="_blank">彳 Jisho-sanakirjassa</a>		
行	3	target	彳亍	コウ,ギョウ,アン,い.く,ゆ.く,-ゆ.き,-ゆき,-い.き,-いき,おこな.う,おこ.なう	い・く	mennä	行く[いく] (yleisyys: 48.),行う[おこなう] (yleisyys: 112.),行動[こうどう] (yleisyys: 576.),行為[こうい] (yleisyys: 617.),銀行[ぎんこう] (yleisyys: 674.)	行く・いく	mennä	行う・おこなう？？？													Merkin vetojen lukumäärä: 6 <br> <a href="https://jisho.org/search/行%23kanji" target="_blank">行 Jisho-sanakirjassa</a>	Tähän voi kirjoittaa käsin lisätietoja	*行*
舌	3	comp	舌	ゼツ,した		Kanjin merkityksiä englanniksi: tongue, reed, clapper;	舌[した] (yleisyys: 3403.)																Merkin vetojen lukumäärä: 6 <br> <a href="https://jisho.org/search/舌%23kanji" target="_blank">舌 Jisho-sanakirjassa</a>		
話	3	target	言舌	ワ,はな.す,はなし		Kanjin merkityksiä englanniksi: tale, talk;	話[はなし] (yleisyys: 174.),電話[でんわ] (yleisyys: 290.),話す[はなす] (yleisyys: 389.),会話[かいわ] (yleisyys: 1825.),話題[わだい] (yleisyys: 1880.)																Merkin vetojen lukumäärä: 13 <br> <a href="https://jisho.org/search/話%23kanji" target="_blank">話 Jisho-sanakirjassa</a>	Tähän voi kirjoittaa käsin lisätietoja	*話*
女	4	target	女	ジョ,ニョ,ニョウ,おんな,め	ジョ,おんな	nainen	彼女[かのじょ] (yleisyys: 217.),女性[じょせい] (yleisyys: 264.),女[おんな] (yleisyys: 307.),女子[じょし] (yleisyys: 1442.),女の子[おんなのこ] (yleisyys: 1465.)	女・おんな	nainen	女の子・おんなのこ	tyttö	男女・だんじょ	miehet ja naiset	女性・じょせい	naishenkilö, naispuolinen	あの女の人は小学こうのせん生です。	Tuo nainen on alakoulun opettaja.	あの女の子は小さいです。	Tuo tyttö on pieni.	ロックは男女に人気があります。	Sekä miehet että naiset pitävät rock-musiikista.		Merkin vetojen lukumäärä: 3 <br> <a href="https://jisho.org/search/女%23kanji" target="_blank">女 Jisho-sanakirjassa</a>	Tähän voi kirjoittaa käsin lisätietoja	*女*
子	4	target	子	シ,ス,ツ,こ,-こ,ね	シ、こ	lapsi	子供[こども] (yleisyys: 149.),子[こ] (yleisyys: 289.),様子[ようす] (yleisyys: 846.),息子[むすこ] (yleisyys: 1113.),原子[げんし] (yleisyys: 1294.)	子ども・こども	lapsi	男子・だんし	poika	女子・じょし	tyttö			子どもはそとであそんでいます。	Lapset leikkivät ulkona.	男子のトイレはどこですか。	Missä miesten vessa on?				Merkin vetojen lukumäärä: 3 <br> <a href="https://jisho.org/search/子%23kanji" target="_blank">子 Jisho-sanakirjassa</a>	Tähän voi kirjoittaa käsin lisätietoja	*子*
好	4	target	女子	コウ,この.む,す.く,よ.い,い.い	このむ、すき	pitää jostakin; mieluinen	好き[すき] (yleisyys: 353.),格好[かっこう] (yleisyys: 1527.),大好き[だいすき] (yleisyys: 2015.),好み[このみ] (yleisyys: 2579.),好む[このむ] (yleisyys: 3349.)	好き・すき	pitää jostakin, mieluinen	大好き・だいすき	pitää paljon jstkin, rakastaa, erittäin mieluinen	お好み焼き・おこのみやき	okonomiyaki (japanilainen ruokalaji)			好きなどうぶつは何ですか。	Mistä eläimestä pidät?	子どもはアイスクリームが大好きです。	Lapset rakastavat jäätelöä.	お好みやきはかんたんす。	Okonomiyaki on helppoa.		Merkin vetojen lukumäärä: 6 <br> <a href="https://jisho.org/search/好%23kanji" target="_blank">好 Jisho-sanakirjassa</a>	Tähän voi kirjoittaa käsin lisätietoja	*好*
力	4	comp	力	リョク,リキ,リイ,ちから	リョク,リキ,ちから	voima	力[りょく] (yleisyys: 306.),力[ちから] (yleisyys: 441.),協力[きょうりょく] (yleisyys: 597.),能力[のうりょく] (yleisyys: 752.),努力[どりょく] (yleisyys: 933.)																Merkin vetojen lukumäärä: 2 <br> <a href="https://jisho.org/search/力%23kanji" target="_blank">力 Jisho-sanakirjassa</a>		
田	4	comp	田	デン,た	デン,た	riisipelto	田舎[いなか] (yleisyys: 3643.),豊田[とよた] (yleisyys: 4044.)																Merkin vetojen lukumäärä: 5 <br> <a href="https://jisho.org/search/田%23kanji" target="_blank">田 Jisho-sanakirjassa</a>		
男	4	target	田力	ダン,ナン,おとこ,お	ダン、おとこ	mies	男[おとこ] (yleisyys: 209.),男性[だんせい] (yleisyys: 708.),男女[だんじょ] (yleisyys: 1691.),男子[だんし] (yleisyys: 2273.),男の子[おとこのこ] (yleisyys: 2645.)	男・おとこ	mies	男の子・おとこのこ	poika	男性・だんせい	mieshenkilö, miespuolinen			きのう、ゆうめいな男の人を見ました。	Näin eilen kuuluisan miehen.						Merkin vetojen lukumäärä: 7 <br> <a href="https://jisho.org/search/男%23kanji" target="_blank">男 Jisho-sanakirjassa</a>	Tähän voi kirjoittaa käsin lisätietoja	*男*
厶	4	comp	厶	シ,ボウ,ム,わたくし,ござ.る		Kanjin merkityksiä englanniksi: I, myself, katakana mu radical (no. 28);																	Merkin vetojen lukumäärä: 2 <br> <a href="https://jisho.org/search/厶%23kanji" target="_blank">厶 Jisho-sanakirjassa</a>		
禾	4	comp	禾	カ,いね		Kanjin merkityksiä englanniksi: two-branch tree radical (no. 115);																	Merkin vetojen lukumäärä: 5 <br> <a href="https://jisho.org/search/禾%23kanji" target="_blank">禾 Jisho-sanakirjassa</a>		
私	4	target	禾厶	シ,わたくし,わたし		Kanjin merkityksiä englanniksi: private, I, me;	私[わたくし] (yleisyys: 54.),私[わたし] (yleisyys: 182.),私立[しりつ] (yleisyys: 4782.)	私・わたし、わたくし	minä	私立・しりつ？？？													Merkin vetojen lukumäärä: 7 <br> <a href="https://jisho.org/search/私%23kanji" target="_blank">私 Jisho-sanakirjassa</a>	Tähän voi kirjoittaa käsin lisätietoja	*私*
¤	4	comp																							
学	4	target	¤子	ガク,まな.ぶ		opiskella	学校[がっこう] (yleisyys: 227.),大学[だいがく] (yleisyys: 318.),学[がく] (yleisyys: 521.),科学[かがく] (yleisyys: 782.),学習[がくしゅう] (yleisyys: 1062.)	学校・がっこう	koulu	大学・だいがく	yliopisto	学生・がくせい	opiskelija										Merkin vetojen lukumäärä: 8 <br> <a href="https://jisho.org/search/学%23kanji" target="_blank">学 Jisho-sanakirjassa</a>	Tähän voi kirjoittaa käsin lisätietoja	*学*
父	4	comp	父	フ,ちち		isä	父[ちち] (yleisyys: 554.),父親[ちちおや] (yleisyys: 1372.),伯父[おじ] (yleisyys: 1528.),父[とう] (yleisyys: 1611.),親父[おやじ] (yleisyys: 2817.)																Merkin vetojen lukumäärä: 4 <br> <a href="https://jisho.org/search/父%23kanji" target="_blank">父 Jisho-sanakirjassa</a>		
交	4	comp	亠父	コウ,まじ.わる,まじ.える,ま.じる,まじ.る,ま.ざる,ま.ぜる,-か.う,か.わす,かわ.す,こもごも		Kanjin merkityksiä englanniksi: mingle, mixing, association, coming & going;	交通[こうつう] (yleisyys: 684.),交換[こうかん] (yleisyys: 1240.),交流[こうりゅう] (yleisyys: 1423.),交渉[こうしょう] (yleisyys: 1727.),交付[こうふ] (yleisyys: 2134.)																Merkin vetojen lukumäärä: 6 <br> <a href="https://jisho.org/search/交%23kanji" target="_blank">交 Jisho-sanakirjassa</a>		
校	4	target	木交	コウ,キョウ		Kanjin merkityksiä englanniksi: exam, school, printing, proof, correction;	学校[がっこう] (yleisyys: 227.),高校[こうこう] (yleisyys: 934.),校[こう] (yleisyys: 2991.),校長[こうちょう] (yleisyys: 4397.),登校[とうこう] (yleisyys: 4888.)	高校・こうこう	lukio	中学校・ちゅうがっこう	yläkoulu	小学校・しょうがっこう	alakoulu										Merkin vetojen lukumäärä: 10 <br> <a href="https://jisho.org/search/校%23kanji" target="_blank">校 Jisho-sanakirjassa</a>	Tähän voi kirjoittaa käsin lisätietoja	*校*
儿	4	comp	儿	ジン,ニン,がい		ihmisjalat																	Merkin vetojen lukumäärä: 2 <br> <a href="https://jisho.org/search/儿%23kanji" target="_blank">儿 Jisho-sanakirjassa</a>		
⺧	4	comp																							
先	4	target	⺧儿	セン,さき,ま.ず		Kanjin merkityksiä englanniksi: before, ahead, previous, future, precedence;	先[さき] (yleisyys: 288.),先ず[まず] (yleisyys: 315.),先生[せんせい] (yleisyys: 320.),先程[さきほど] (yleisyys: 1267.),先日[せんじつ] (yleisyys: 2190.)	先・さき		先生・せんせい	opettaja	先月・せんげつ	viime kuu			お先にしつれいします。							Merkin vetojen lukumäärä: 6 <br> <a href="https://jisho.org/search/先%23kanji" target="_blank">先 Jisho-sanakirjassa</a>	Tähän voi kirjoittaa käsin lisätietoja	*先*
冂	4	comp	冂	キョウ,ケイ		Kanjin merkityksiä englanniksi: upside-down box radical (no. 13);																	Merkin vetojen lukumäärä: 2 <br> <a href="https://jisho.org/search/冂%23kanji" target="_blank">冂 Jisho-sanakirjassa</a>		
高	4	target	亠口冂	コウ,たか.い,たか,-だか,たか.まる,たか.める		Kanjin merkityksiä englanniksi: tall, high, expensive;	高い[たかい] (yleisyys: 203.),高齢[こうれい] (yleisyys: 853.),最高[さいこう] (yleisyys: 919.),高校[こうこう] (yleisyys: 934.),高[こう] (yleisyys: 1087.)																Merkin vetojen lukumäärä: 10 <br> <a href="https://jisho.org/search/高%23kanji" target="_blank">高 Jisho-sanakirjassa</a>	Tähän voi kirjoittaa käsin lisätietoja	*高*
上	4	target	上	ジョウ,ショウ,シャン,うえ,-うえ,うわ-,かみ,あ.げる,-あ.げる,あ.がる,-あ.がる,あ.がり,-あ.がり,のぼ.る,のぼ.り,のぼ.せる,のぼ.す,たてまつ.る	ジョウ、うえ、あがる、あげる	yllä, ylös	上[うえ] (yleisyys: 167.),以上[いじょう] (yleisyys: 178.),上げる[あげる] (yleisyys: 229.),上[じょう] (yleisyys: 308.),上がる[あがる] (yleisyys: 838.)	上・うえ	yläpuoli, ylä-	年上・としうえ	vanhempi (ihminen)	上がる・あがる	nousta	上げる・あげる	nostaa	テーブルの上にくだものがあります。	Pöydän päällä on hedelmiä.	年上のせいとを「せんぱい」といいます。	Vanhempia oppilaita kutsutaan sempaiksi.				Merkin vetojen lukumäärä: 3 <br> <a href="https://jisho.org/search/上%23kanji" target="_blank">上 Jisho-sanakirjassa</a>	Tähän voi kirjoittaa käsin lisätietoja	*上*
下	4	target	下	カ,ゲ,した,しも,もと,さ.げる,さ.がる,くだ.る,くだ.り,くだ.す,-くだ.す,くだ.さる,お.ろす,お.りる	した、さげる、さがる、ください	alla, alas	下さる[くださる] (yleisyys: 125.),下[した] (yleisyys: 469.),以下[いか] (yleisyys: 485.),下[もと] (yleisyys: 855.),下りる[おりる] (yleisyys: 1343.)	下・した	alapuoli, ala-	年下・としした	nuorempi (ihminen)	下がる・さがる	laskea, alentua, pudota	下げる・さげる 下さい・ください	laskea alas saisinko			年下の生とを「こうはい」といいます。	Nuorempia oppilaita kutsutaan koohaiksi.			それ下さい。 Saisinko sen.	Merkin vetojen lukumäärä: 3 <br> <a href="https://jisho.org/search/下%23kanji" target="_blank">下 Jisho-sanakirjassa</a>	Tähän voi kirjoittaa käsin lisätietoja	*下*
