一	1	target	一	イチ,イツ,ひと-,ひと.つ	ひと・つ、イチ	yksi	一[いち] (yleisyys: 23.),一[ひと] (yleisyys: 146.),一人[ひとり] (yleisyys: 234.),一寸[ちょっと] (yleisyys: 287.),一般[いっぱん] (yleisyys: 338.)	一つ・ひとつ	1 kpl	一ぴき・いっぴき	1 pieni eläin	一人・ひとり !	1 ihminen										"Merkin vetojen lukumäärä: 1 <br> <a href=""https://jisho.org/search/一%23kanji"" target=""_blank"">一 Jisho-sanakirjassa</a>"	Tähän voi kirjoittaa käsin lisätietoja	*一*
二	1	target	二	ニ,ジ,ふた,ふた.つ,ふたたび	ふた・つ、ニ	kaksi	二[に] (yleisyys: 28.),二十[にじゅう] (yleisyys: 66.),二千[にせん] (yleisyys: 193.),二百[にひゃく] (yleisyys: 239.),二人[ふたり] (yleisyys: 252.)	二つ・ふたつ	2 kpl	二ひき・にひき	2 pientä eläintä	二人・ふたり !	2 ihmistä										"Merkin vetojen lukumäärä: 2 <br> <a href=""https://jisho.org/search/二%23kanji"" target=""_blank"">二 Jisho-sanakirjassa</a>"	Tähän voi kirjoittaa käsin lisätietoja	*二*
三	1	target	三	サン,ゾウ,み,み.つ,みっ.つ	みっ・つ、サン	kolme	三[さん] (yleisyys: 32.),三十[さんじゅう] (yleisyys: 89.),三百[さんびゃく] (yleisyys: 368.),三[み] (yleisyys: 586.),三千[さんぜん] (yleisyys: 675.)	三つ・みっつ	3 kpl	三びき・さんびき	3 pientä eläintä	三人・さんにん	3 ihmistä										"Merkin vetojen lukumäärä: 3 <br> <a href=""https://jisho.org/search/三%23kanji"" target=""_blank"">三 Jisho-sanakirjassa</a>"	Tähän voi kirjoittaa käsin lisätietoja	*三*
四	1	target	四	シ,よ,よ.つ,よっ.つ,よん	よっ・つ、シ	neljä	四[よん] (yleisyys: 49.),四十[よんじゅう] (yleisyys: 136.),四百[よんひゃく] (yleisyys: 499.),四[し] (yleisyys: 673.),四千[よんせん] (yleisyys: 1136.)	四つ・よっつ	4 kpl	四ひき・よんひき	4 pientä eläintä	四人・よにん	4 ihmistä										"Merkin vetojen lukumäärä: 5 <br> <a href=""https://jisho.org/search/四%23kanji"" target=""_blank"">四 Jisho-sanakirjassa</a>"	Tähän voi kirjoittaa käsin lisätietoja	*四*
五	1	target	五	ゴ,いつ,いつ.つ	いつ・つ、ゴ	viisi	五[ご] (yleisyys: 44.),五十[ごじゅう] (yleisyys: 109.),五百[ごひゃく] (yleisyys: 341.),五千[ごせん] (yleisyys: 799.),五[いつ] (yleisyys: 1450.)	五つ・いつつ	5 kpl	五ひき・ごひき	5 pientä eläintä	五人・ごにん	5 ihmistä										"Merkin vetojen lukumäärä: 4 <br> <a href=""https://jisho.org/search/五%23kanji"" target=""_blank"">五 Jisho-sanakirjassa</a>"	Tähän voi kirjoittaa käsin lisätietoja	*五*
亠	1	comp	亠	トウ	トウ	kattilankansi																	"Merkin vetojen lukumäärä: 2 <br> <a href=""https://jisho.org/search/亠%23kanji"" target=""_blank"">亠 Jisho-sanakirjassa</a>"	vain komponentti	
六	1	target	亠八	ロク,リク,む,む.つ,むっ.つ,むい	むっ・つ、ロク	kuusi	六[ろく] (yleisyys: 65.),六十[ろくじゅう] (yleisyys: 161.),六百[ろっぴゃく] (yleisyys: 568.),六千[ろくせん] (yleisyys: 1309.),六[む] (yleisyys: 2141.)	六つ・むっつ	6 kpl	六ぴき・ろっぴき	6 pientä eläintä	六人・ろくにん	6 ihmistä										"Merkin vetojen lukumäärä: 4 <br> <a href=""https://jisho.org/search/六%23kanji"" target=""_blank"">六 Jisho-sanakirjassa</a>"	Tähän voi kirjoittaa käsin lisätietoja	*六*
七	1	target	七	シチ,なな,なな.つ,なの	なな・つ、シチ	seitsemän	七[なな] (yleisyys: 75.),七十[ななじゅう] (yleisyys: 184.),七[しち] (yleisyys: 518.),七百[ななひゃく] (yleisyys: 579.),七千[ななせん] (yleisyys: 1593.)	七つ・ななつ	7 kpl	七ひき・ななひき	7 pientä eläintä	七人・ななにん／しちにん	7 ihmistä										"Merkin vetojen lukumäärä: 2 <br> <a href=""https://jisho.org/search/七%23kanji"" target=""_blank"">七 Jisho-sanakirjassa</a>"	Tähän voi kirjoittaa käsin lisätietoja	*七*
八	1	target	八	ハチ,や,や.つ,やっ.つ,よう	やっ・つ、ハチ	kahdeksan	八[はち] (yleisyys: 70.),八十[はちじゅう] (yleisyys: 170.),八百[はっぴゃく] (yleisyys: 349.),八千[はっせん] (yleisyys: 1507.),八[や] (yleisyys: 2228.)	八つ・やっつ	8 kpl	八ぴき・はっぴき	8 pientä eläintä	八人・はちにん	8 ihmistä										"Merkin vetojen lukumäärä: 2 <br> <a href=""https://jisho.org/search/八%23kanji"" target=""_blank"">八 Jisho-sanakirjassa</a>"	Tähän voi kirjoittaa käsin lisätietoja	*八*
九	1	target	九	キュウ,ク,ここの,ここの.つ	ここの・つ、キュウ	yhdeksän	九[きゅう] (yleisyys: 76.),九百[きゅうひゃく] (yleisyys: 119.),九十[きゅうじゅう] (yleisyys: 163.),九千[きゅうせん] (yleisyys: 1610.),九[ここの] (yleisyys: 2578.)	九つ・ここのつ	9 kpl	九ひき・きゅうひき	9 pientä eläintä	九人・きゅうにん	9 ihmistä										"Merkin vetojen lukumäärä: 2 <br> <a href=""https://jisho.org/search/九%23kanji"" target=""_blank"">九 Jisho-sanakirjassa</a>"	Tähän voi kirjoittaa käsin lisätietoja	*九*
十	1	target	十	ジュウ,ジッ,ジュッ,とお,と	とお、ジュウ	kymmenen	十[じゅう] (yleisyys: 33.),二十[にじゅう] (yleisyys: 66.),三十[さんじゅう] (yleisyys: 89.),五十[ごじゅう] (yleisyys: 109.),四十[よんじゅう] (yleisyys: 136.)	十・とう	10 kpl	十ぴき・じゅっぴき	10 pientä eläintä	十人・じゅうにん	10 ihmistä										"Merkin vetojen lukumäärä: 2 <br> <a href=""https://jisho.org/search/十%23kanji"" target=""_blank"">十 Jisho-sanakirjassa</a>"	Tähän voi kirjoittaa käsin lisätietoja	*十*
口	2	comp	口	コウ,ク,くち	コウ,くち	suu	口[くち] (yleisyys: 403.),人口[じんこう] (yleisyys: 1071.),入り口[いりぐち] (yleisyys: 2372.),窓口[まどぐち] (yleisyys: 2671.),口調[くちょう] (yleisyys: 2812.)	口・くち	suu	人口・じんこう	väkiluku					口を大きくあけてください。	Avaa suu isoksi.	日本の人口は何人ですか	Mikä on Japanin väkiluku?				"Merkin vetojen lukumäärä: 3 <br> <a href=""https://jisho.org/search/口%23kanji"" target=""_blank"">口 Jisho-sanakirjassa</a>"	Tähän voi kirjoittaa käsin lisätietoja	*口*
￠	2	comp			-																			vain komponentti	
可	2	comp	￠口	カ,コク,-べ.き,-べ.し	カ	mahdollinen	可能[かのう] (yleisyys: 237.),可成[かなり] (yleisyys: 532.),可愛い[かわいい] (yleisyys: 1064.),可笑しい[おかしい] (yleisyys: 1504.),許可[きょか] (yleisyys: 1638.)																"Merkin vetojen lukumäärä: 5 <br> <a href=""https://jisho.org/search/可%23kanji"" target=""_blank"">可 Jisho-sanakirjassa</a>"		
亻	2	comp	亻			ihminen (人 kun tämä komponentti on merkin vasemmalla puolella)																	"Merkin vetojen lukumäärä: 2 <br> <a href=""https://jisho.org/search/亻%23kanji"" target=""_blank"">亻 Jisho-sanakirjassa</a>"	vain komponentti	
何	2	target	亻可	カ,なに,なん,なに-,なん-	なに、なん	mikä?	何[なに] (yleisyys: 62.),何時[いつ] (yleisyys: 202.),何処[どこ] (yleisyys: 240.),何[なん] (yleisyys: 277.),何の[どの] (yleisyys: 323.)	何・なに	mikä	何年生・なんねんせい	moneskoluokkalainen					フィンランドは何ごですか。	Mitä kieltä Suomessa puhutaan?	ルースさんは何年生ですか。	Monennellako luokalla Ruusu on?				"Merkin vetojen lukumäärä: 7 <br> <a href=""https://jisho.org/search/何%23kanji"" target=""_blank"">何 Jisho-sanakirjassa</a>"	Tähän voi kirjoittaa käsin lisätietoja	*何*
寸	2	comp	寸	スン	スン	vanha pituusmitta sun, n. 3 cm	一寸[ちょっと] (yleisyys: 287.)																"Merkin vetojen lukumäärä: 3 <br> <a href=""https://jisho.org/search/寸%23kanji"" target=""_blank"">寸 Jisho-sanakirjassa</a>"		
土	2	comp	土	ド,ト,つち	ド,つち	maa, maaperä	土地[とち] (yleisyys: 646.),土[ど] (yleisyys: 1281.),国土[こくど] (yleisyys: 2429.),土[つち] (yleisyys: 2515.),土曜[どよう] (yleisyys: 2586.)	土・つち	maa, maaperä	土曜日・どようび	lauantai												"Merkin vetojen lukumäärä: 3 <br> <a href=""https://jisho.org/search/土%23kanji"" target=""_blank"">土 Jisho-sanakirjassa</a>"	Tähän voi kirjoittaa käsin lisätietoja	*土*
寺	2	comp	土寸	ジ,てら	ジ,てら	(buddhalainen) temppeli	寺[じ] (yleisyys: 1161.),寺[てら] (yleisyys: 2546.)																"Merkin vetojen lukumäärä: 6 <br> <a href=""https://jisho.org/search/寺%23kanji"" target=""_blank"">寺 Jisho-sanakirjassa</a>"		
時	2	target	日寺	ジ,とき,-どき	とき、ジ	aika, tunti	時[とき] (yleisyys: 64.),時[じ] (yleisyys: 122.),時間[じかん] (yleisyys: 134.),何時[いつ] (yleisyys: 202.),時代[じだい] (yleisyys: 244.)	時・とき	aika	時・じ	tunti					きゅうけいの時にたいそうしましょう。	Jumpataan tauoilla!	いま何時ですか。	Mitä kello on?				"Merkin vetojen lukumäärä: 10 <br> <a href=""https://jisho.org/search/時%23kanji"" target=""_blank"">時 Jisho-sanakirjassa</a>"	Tähän voi kirjoittaa käsin lisätietoja	*時*
刀	2	comp	刀	トウ,かたな,そり	トウ,かたな	veitsi, miekka	刀[かたな] (yleisyys: 4356.)																"Merkin vetojen lukumäärä: 2 <br> <a href=""https://jisho.org/search/刀%23kanji"" target=""_blank"">刀 Jisho-sanakirjassa</a>"		
分	2	target	八刀	ブン,フン,ブ,わ.ける,わ.け,わ.かれる,わ.かる,わ.かつ	わかる、ブン	osa, minuutti; ymmärtää; jakaa	自分[じぶん] (yleisyys: 87.),分かる[わかる] (yleisyys: 105.),分[ふん] (yleisyys: 238.),部分[ぶぶん] (yleisyys: 344.),分[ぶん] (yleisyys: 476.)	分・ふん、ぶん、ぷん	minuutti	分かる・わかる	ymmärtää					じゅぎょうは四時十五分におわります。	Oppitunti loppuu viisitoista yli neljä.	ロシアごは分かりません。	En ymmärrä venäjää.				"Merkin vetojen lukumäärä: 4 <br> <a href=""https://jisho.org/search/分%23kanji"" target=""_blank"">分 Jisho-sanakirjassa</a>"	Tähän voi kirjoittaa käsin lisätietoja	*分*
半	2	target																							
日	2	target	日	ニチ,ジツ,ひ,-び,-か	ひ	aurinko, päivä	日本[にっぽん] (yleisyys: 78.),日[にち] (yleisyys: 106.),日[ひ] (yleisyys: 150.),日[か] (yleisyys: 169.),今日[きょう] (yleisyys: 247.)	日本・にほん・にっぽん	Japani	日・ひ	aurinko					日本はじしんがおおいです。	Japanissa on paljon maanjäristyksiä.	ゆう日がきれいです。	Auringonlasku on kaunis.				"Merkin vetojen lukumäärä: 4 <br> <a href=""https://jisho.org/search/日%23kanji"" target=""_blank"">日 Jisho-sanakirjassa</a>"	Tähän voi kirjoittaa käsin lisätietoja	*日*
月	2	target	月	ゲツ,ガツ,つき	つき、ガツ	kuu; kuukausi	月[がつ] (yleisyys: 69.),箇月[かげつ] (yleisyys: 488.),月[つき] (yleisyys: 1101.),正月[しょうがつ] (yleisyys: 3161.),毎月[まいつき] (yleisyys: 3327.)	月・つき	kuu	月・がつ	kuukausi	二か月・にかげつ	kahden kuukauden aika			月にうさぎはいますか。	Onko kuussa jäniksiä?	いもうとが七月に生まれました。	Minulle syntyi pikkusisko heinäkuussa.	なつやすみはに二か月です。	Kesäloma on kahden kuukauden mittainen.		"Merkin vetojen lukumäärä: 4 <br> <a href=""https://jisho.org/search/月%23kanji"" target=""_blank"">月 Jisho-sanakirjassa</a>"	Tähän voi kirjoittaa käsin lisätietoja	*月*
年	2	target	年	ネン,とし	ネン,とし	vuosi	年[ねん] (yleisyys: 42.),年度[ねんど] (yleisyys: 273.),年間[ねんかん] (yleisyys: 564.),年金[ねんきん] (yleisyys: 750.),今年[ことし] (yleisyys: 845.)	年・とし	vuosi	二年生・にねんせい	2. luokkalainen					お年はいくつですか。	Mikä vuosi nyt on?	ティモさんは二ねんせいですか	Onko Timo 2. luokkalainen?				"Merkin vetojen lukumäärä: 6 <br> <a href=""https://jisho.org/search/年%23kanji"" target=""_blank"">年 Jisho-sanakirjassa</a>"	Tähän voi kirjoittaa käsin lisätietoja	*年*
生	2	target	生	セイ,ショウ,い.きる,い.かす,い.ける,う.まれる,うま.れる,う.まれ,うまれ,う.む,お.う,は.える,は.やす,き,なま,なま-,な.る,な.す,む.す,-う	セイ、いき・る、生まれ？	elämä; syntymä	生活[せいかつ] (yleisyys: 196.),先生[せんせい] (yleisyys: 320.),生[せい] (yleisyys: 330.),生きる[いきる] (yleisyys: 421.),生産[せいさん] (yleisyys: 465.)	生年月日・せいねんがっぴ	syntymäaika	先生、せんせい	opettaja	生きる・いきる	elää	生まれ・うまれ	syntynyt	生年月日をかいてください。	Kirjoittakaa syntymäaikanne.	きびしくない先生です。	Hän ei ole ankara opettaja.	ひゃくさいまで生きたいですか。	Haluaisitko elää satavuotiaaksi?	何月生まれですか。Missä kuussa olet syntynyt?	"Merkin vetojen lukumäärä: 5 <br> <a href=""https://jisho.org/search/生%23kanji"" target=""_blank"">生 Jisho-sanakirjassa</a>"	Tähän voi kirjoittaa käsin lisätietoja	*生*
口	2	target	口	コウ,ク,くち	コウ,くち	suu	口[くち] (yleisyys: 403.),人口[じんこう] (yleisyys: 1071.),入り口[いりぐち] (yleisyys: 2372.),窓口[まどぐち] (yleisyys: 2671.),口調[くちょう] (yleisyys: 2812.)	口・くち	suu	人口・じんこう	väkiluku					口を大きくあけてください。	Avaa suu isoksi.	日本の人口は何人ですか	Mikä on Japanin väkiluku?				"Merkin vetojen lukumäärä: 3 <br> <a href=""https://jisho.org/search/口%23kanji"" target=""_blank"">口 Jisho-sanakirjassa</a>"	Tähän voi kirjoittaa käsin lisätietoja	*口*
目	2	target	目	モク,ボク,め,-め,ま-	モク,め,-め	silmä	目[め] (yleisyys: 162.),目[め] (yleisyys: 300.),目的[もくてき] (yleisyys: 433.),駄目[だめ] (yleisyys: 741.),目標[もくひょう] (yleisyys: 989.)	目・め	silmä	目的・もくてき	päämäärä, tavoite; aie, tarkoitus	科目・かもく	kouluaine			上野（うえの）さんは 目がいい。	Uenon näkö on hyvä. (silmät ovat hyvät)						"Merkin vetojen lukumäärä: 5 <br> <a href=""https://jisho.org/search/目%23kanji"" target=""_blank"">目 Jisho-sanakirjassa</a>"	Tähän voi kirjoittaa käsin lisätietoja	*目*
耳	2	target	耳	ジ,みみ		korva	耳[みみ] (yleisyys: 1049.)	耳・みみ	korva														"Merkin vetojen lukumäärä: 6 <br> <a href=""https://jisho.org/search/耳%23kanji"" target=""_blank"">耳 Jisho-sanakirjassa</a>"	Tähän voi kirjoittaa käsin lisätietoja	*耳*
手	2	target	手	シュ,ズ,て,て-,-て,た-	ズ,て	käsi	手[て] (yleisyys: 177.),相手[あいて] (yleisyys: 299.),選手[せんしゅ] (yleisyys: 800.),手続き[てつづき] (yleisyys: 1119.),手紙[てがみ] (yleisyys: 1336.)	手・て	käsi	上手・じょうず !	hyvä jossakin	下手・へた !	huono jossakin			手を二かいたたいておじぎをします。	Taputa kaksi kertaa ja kumarra.	日本ごが上手な子です。	Lapsi, jonka japani on hyvää	フィンランドごが下手です。	Olen huono suomen kielessä.		"Merkin vetojen lukumäärä: 4 <br> <a href=""https://jisho.org/search/手%23kanji"" target=""_blank"">手 Jisho-sanakirjassa</a>"	Tähän voi kirjoittaa käsin lisätietoja	*手*
足	2	target																							
人	2	target	人	ジン,ニン,ひと,-り,-と	ひと、ニン、ジン	ihminen	人[ひと] (yleisyys: 67.),人[にん] (yleisyys: 132.),人[じん] (yleisyys: 138.),人間[にんげん] (yleisyys: 192.),一人[ひとり] (yleisyys: 234.)	日本人・にほんじん	japanilainen	何人・なんにん	kuinka monta henkilöä	人・ひと	ihminen	一人・ひとり !　二人・ふたり !　三人・さんにん !	yksi ihminen kaksi ihmistä kolme ihmistä	先生は日本人じゃありません。	Opettaja ei ole japanilainen.	きょうだいは何人ですか？	Kuinka monta sisarusta sinulla on?	好きな人はいますか。	Onko sinulla mielitiettyä?		"Merkin vetojen lukumäärä: 2 <br> <a href=""https://jisho.org/search/人%23kanji"" target=""_blank"">人 Jisho-sanakirjassa</a>"	Tähän voi kirjoittaa käsin lisätietoja	*人*
小	2	target	小	ショウ,ちい.さい,こ-,お-,さ-	ちいさい、ショウ	pieni	小[しょう] (yleisyys: 399.),小さい[ちいさい] (yleisyys: 714.),小さな[ちいさな] (yleisyys: 726.),小説[しょうせつ] (yleisyys: 1433.),小学[しょうがく] (yleisyys: 1839.)	小さい・ちいさい	pieni	大中小・だいちゅうしょう	suuri, keskikokoinen, pieni (esim. annoskoko)					小さいこえではなしましょう。	Puhutaanpas hiljaisella äänellä.	サイズは大中小がございます。	Koot ovat, iso, keskikokoinen ja pieni.				"Merkin vetojen lukumäärä: 3 <br> <a href=""https://jisho.org/search/小%23kanji"" target=""_blank"">小 Jisho-sanakirjassa</a>"	Tähän voi kirjoittaa käsin lisätietoja	*小*
大	2	target	大	ダイ,タイ,おお-,おお.きい,-おお.いに	ダイ、おおきい	suuri	大[だい] (yleisyys: 213.),大きい[おおきい] (yleisyys: 233.),大きな[おおきな] (yleisyys: 282.),大学[だいがく] (yleisyys: 318.),大臣[だいじん] (yleisyys: 534.)	大きい・おおきい	iso	大学・だいがく	yliopisto					大きいサイズでおねがいします。	Saisinko ison [vaatekoon].	あねは大学生です。	Isosiskoni on yliopisto-opiskelija.				"Merkin vetojen lukumäärä: 3 <br> <a href=""https://jisho.org/search/大%23kanji"" target=""_blank"">大 Jisho-sanakirjassa</a>"	Tähän voi kirjoittaa käsin lisätietoja	*大*
犬	2	target																							
木	2	comp	木	ボク,モク,き,こ-	モク,き	puu	木[き] (yleisyys: 648.),木材[もくざい] (yleisyys: 4555.),木曜[もくよう] (yleisyys: 4908.)	木・き	puu	木曜日・もくようび	torstai												"Merkin vetojen lukumäärä: 4 <br> <a href=""https://jisho.org/search/木%23kanji"" target=""_blank"">木 Jisho-sanakirjassa</a>"	Tähän voi kirjoittaa käsin lisätietoja	*木*
本	2	target	木一	ホン,もと	ホン	kirja; alkuperä; todellinen, aito; laskusana sylinterinmuotoisille esineille	日本[にっぽん] (yleisyys: 78.),本当[ほんとう] (yleisyys: 248.),基本[きほん] (yleisyys: 367.),本[ほん] (yleisyys: 538.),本[ほん] (yleisyys: 539.)	本・ほん	kirja	本当・ほんとう	tosi					本をよむことがしゅみです。	Lukeminen on harrastukseni.	そのおはなしは本とうですか。	Onko tuo tarina tosi?				"Merkin vetojen lukumäärä: 5 <br> <a href=""https://jisho.org/search/本%23kanji"" target=""_blank"">本 Jisho-sanakirjassa</a>"	Tähän voi kirjoittaa käsin lisätietoja	*本*
中	2	target	中	チュウ,なか,うち,あた.る	なか、チュウ	keskellä, sisällä	中[なか] (yleisyys: 82.),中[ちゅう] (yleisyys: 208.),中国[ちゅうごく] (yleisyys: 390.),中心[ちゅうしん] (yleisyys: 413.),中[ちゅう] (yleisyys: 729.)	中・なか	keskellä; sisällä	中学生・ちゅうがくせい	yläkoululainen					リュックの中におかしがあります。	Repussa on herkkuja.	ぼくは中学生です。	Olen yläkoululainen.				"Merkin vetojen lukumäärä: 4 <br> <a href=""https://jisho.org/search/中%23kanji"" target=""_blank"">中 Jisho-sanakirjassa</a>"	Tähän voi kirjoittaa käsin lisätietoja	*中*
言	2	target	言	ゲン,ゴン,い.う,こと		Kanjin merkityksiä englanniksi: say, word;	言う[いう] (yleisyys: 18.),言葉[ことば] (yleisyys: 222.),言語[げんご] (yleisyys: 1510.),発言[はつげん] (yleisyys: 1947.),一言[ひとこと] (yleisyys: 1994.)	言う・いう	sanoa	言葉・ことば？？？													"Merkin vetojen lukumäärä: 7 <br> <a href=""https://jisho.org/search/言%23kanji"" target=""_blank"">言 Jisho-sanakirjassa</a>"	Tähän voi kirjoittaa käsin lisätietoja	*言*
語	2	target	言五口	ゴ,かた.る,かた.らう		Kanjin merkityksiä englanniksi: word, speech, language;	語[ご] (yleisyys: 408.),語る[かたる] (yleisyys: 890.),英語[えいご] (yleisyys: 1185.),物語[ものがたり] (yleisyys: 1490.),言語[げんご] (yleisyys: 1510.)	語・ご	kieli; sana	言語・げんご	kieli												"Merkin vetojen lukumäärä: 14 <br> <a href=""https://jisho.org/search/語%23kanji"" target=""_blank"">語 Jisho-sanakirjassa</a>"	Tähän voi kirjoittaa käsin lisätietoja	*語*
国	2	target																							
百	2	target	一白	ヒャク,ビャク,もも	ヒャク,ビャク	sata	九百[きゅうひゃく] (yleisyys: 119.),百[ひゃく] (yleisyys: 124.),二百[にひゃく] (yleisyys: 239.),五百[ごひゃく] (yleisyys: 341.),八百[はっぴゃく] (yleisyys: 349.)	百・ひゃく	sata														"Merkin vetojen lukumäärä: 6 <br> <a href=""https://jisho.org/search/百%23kanji"" target=""_blank"">百 Jisho-sanakirjassa</a>"	Tähän voi kirjoittaa käsin lisätietoja	*百*
千	2	target	千	セン,ち	セン,ち	tuhat	千[せん] (yleisyys: 86.),二千[にせん] (yleisyys: 193.),三千[さんぜん] (yleisyys: 675.),五千[ごせん] (yleisyys: 799.),四千[よんせん] (yleisyys: 1136.)	千・せん	tuhat														"Merkin vetojen lukumäärä: 3 <br> <a href=""https://jisho.org/search/千%23kanji"" target=""_blank"">千 Jisho-sanakirjassa</a>"	Tähän voi kirjoittaa käsin lisätietoja	*千*
万	2	target	万	マン,バン,よろず	マン	10000	万[まん] (yleisyys: 117.)	万・まん	10000							フィンランドの人口は五百五十万人ぐらいです。	Suomen väkiluku on 5,5 miljoonaa (japaniksi: 550 x 10 000).						"Merkin vetojen lukumäärä: 3 <br> <a href=""https://jisho.org/search/万%23kanji"" target=""_blank"">万 Jisho-sanakirjassa</a>"	Tähän voi kirjoittaa käsin lisätietoja	*万*
円	2	target	円	エン,まる.い,まる,まど,まど.か,まろ.やか	エン	ympyrä; jeni	円[えん] (yleisyys: 116.),円[えん] (yleisyys: 2823.),円滑[えんかつ] (yleisyys: 3738.)	円・えん	jeni	何円・なんえん	montako jeniä?					日本人は一万円さつが大好きです。	Japanilaiset pitävät kovasti 10 000 jenin setelistä						"Merkin vetojen lukumäärä: 4 <br> <a href=""https://jisho.org/search/円%23kanji"" target=""_blank"">円 Jisho-sanakirjassa</a>"	Tähän voi kirjoittaa käsin lisätietoja	*円*
火	3	target	火	カ,ひ,-び,ほ-		tuli	火[ひ] (yleisyys: 1325.),火[か] (yleisyys: 2029.),火災[かさい] (yleisyys: 2842.),火山[かざん] (yleisyys: 4509.),花火[はなび] (yleisyys: 4892.)	火・ひ	tuli, liekki	火曜日・かようび	tiistai												"Merkin vetojen lukumäärä: 4 <br> <a href=""https://jisho.org/search/火%23kanji"" target=""_blank"">火 Jisho-sanakirjassa</a>"	Tähän voi kirjoittaa käsin lisätietoja	*火*
水	3	target	水	スイ,みず,みず-	スイ,みず	vesi	水[みず] (yleisyys: 378.),水準[すいじゅん] (yleisyys: 1691.),水[すい] (yleisyys: 1956.),水[すい] (yleisyys: 2362.),水産[すいさん] (yleisyys: 2660.)	水・みず	(kylmä) vesi	水よう日・すいようび	keskiviikko					フィンランドの水はおいしいです。	Suomalainen vesi on hyvänmakuista.	水よう日にテニスをします。	Keskiviikkona pelaan tennistä.				"Merkin vetojen lukumäärä: 4 <br> <a href=""https://jisho.org/search/水%23kanji"" target=""_blank"">水 Jisho-sanakirjassa</a>"	Tähän voi kirjoittaa käsin lisätietoja	*水*
木	3	target	木	ボク,モク,き,こ-		puu	木[き] (yleisyys: 648.),木材[もくざい] (yleisyys: 4555.),木曜[もくよう] (yleisyys: 4908.)	木・き	puu	木曜日・もくようび	torstai												"Merkin vetojen lukumäärä: 4 <br> <a href=""https://jisho.org/search/木%23kanji"" target=""_blank"">木 Jisho-sanakirjassa</a>"	Tähän voi kirjoittaa käsin lisätietoja	*木*
金	3	target	金	キン,コン,ゴン,かね,かな-,-がね		kulta; metalli; raha	金[かね] (yleisyys: 454.),金[きん] (yleisyys: 466.),年金[ねんきん] (yleisyys: 750.),金融[きんゆう] (yleisyys: 831.),資金[しきん] (yleisyys: 847.)	金・かね	raha	金曜日・きんようび	perjantai	金・きん	kulta										"Merkin vetojen lukumäärä: 8 <br> <a href=""https://jisho.org/search/金%23kanji"" target=""_blank"">金 Jisho-sanakirjassa</a>"	Tähän voi kirjoittaa käsin lisätietoja	*金*
土	3	target	土	ド,ト,つち		maa, maaperä	土地[とち] (yleisyys: 646.),土[ど] (yleisyys: 1281.),国土[こくど] (yleisyys: 2429.),土[つち] (yleisyys: 2515.),土曜[どよう] (yleisyys: 2586.)	土・つち	maa, maaperä	土曜日・どようび	lauantai												"Merkin vetojen lukumäärä: 3 <br> <a href=""https://jisho.org/search/土%23kanji"" target=""_blank"">土 Jisho-sanakirjassa</a>"	Tähän voi kirjoittaa käsin lisätietoja	*土*
入	3	target	入	ニュウ,ジュ,い.る,-い.る,-い.り,い.れる,-い.れ,はい.る	いり、いれる、はいる	mennä sisään	入る[はいる] (yleisyys: 152.),入れる[いれる] (yleisyys: 223.),購入[こうにゅう] (yleisyys: 872.),輸入[ゆにゅう] (yleisyys: 1112.),導入[どうにゅう] (yleisyys: 1180.)	入る・はいる	mennä sisään, tulla sisään	入れる・いれる	laittaa sisään	入口・いりぐち	sisäänkäynti			先にお入り下さい	Menkää vain edeltä (kylpyyn).	ここにカードを入れてください。	Laittakaa kortti tähän (ohje laitteessa tms.)	入り口はあそこです。	Sisäänkäynti on tuolla.		"Merkin vetojen lukumäärä: 2 <br> <a href=""https://jisho.org/search/入%23kanji"" target=""_blank"">入 Jisho-sanakirjassa</a>"	Tähän voi kirjoittaa käsin lisätietoja	*入*
出	3	target	出	シュツ,スイ,で.る,-で,だ.す,-だ.す,い.でる,い.だす	で、でる、だす	mennä ulos	出来る[できる] (yleisyys: 50.),出る[でる] (yleisyys: 110.),出す[だす] (yleisyys: 171.),思い出す[おもいだす] (yleisyys: 1034.),提出[ていしゅつ] (yleisyys: 1251.)	出る・でる	mennä ulos, tulla ulos	出す・だす	ottaa ulos	出口・でぐち	uloskäynti			はなみずが出る。	Nenä vuotaa (oik. nenästä tulee räkää)	しゅくだいを出してください。	"Ottakaa kotiläksyt esille (""ulos"")"	出口はどこですか。	Missä on uloskäynti?		"Merkin vetojen lukumäärä: 5 <br> <a href=""https://jisho.org/search/出%23kanji"" target=""_blank"">出 Jisho-sanakirjassa</a>"	Tähän voi kirjoittaa käsin lisätietoja	*出*
門	3	comp	門	モン,かど,と		portti	専門[せんもん] (yleisyys: 743.),部門[ぶもん] (yleisyys: 1640.),門[もん] (yleisyys: 2145.)																"Merkin vetojen lukumäärä: 8 <br> <a href=""https://jisho.org/search/門%23kanji"" target=""_blank"">門 Jisho-sanakirjassa</a>"		
聞	3	target	門耳	ブン,モン,き.く,き.こえる		kuulla; kuunnella; kysyä	聞く[きく] (yleisyys: 135.),新聞[しんぶん] (yleisyys: 664.),聞こえる[きこえる] (yleisyys: 1048.)	聞く・きく	kuulla; kuunnella; kysyä	新聞・しんぶん	sanomalehti												"Merkin vetojen lukumäärä: 14 <br> <a href=""https://jisho.org/search/聞%23kanji"" target=""_blank"">聞 Jisho-sanakirjassa</a>"	Tähän voi kirjoittaa käsin lisätietoja	*聞*
見	3	target	見	ケン,み.る,み.える,み.せる		nähdä; katsoa	見る[みる] (yleisyys: 47.),見える[みえる] (yleisyys: 241.),見せる[みせる] (yleisyys: 562.),意見[いけん] (yleisyys: 642.),発見[はっけん] (yleisyys: 980.)	見る・みる	nähdä; katsoa; kokeilla	意見・いけん？？？													"Merkin vetojen lukumäärä: 7 <br> <a href=""https://jisho.org/search/見%23kanji"" target=""_blank"">見 Jisho-sanakirjassa</a>"	Tähän voi kirjoittaa käsin lisätietoja	*見*
来	3	target	来	ライ,タイ,く.る,きた.る,きた.す,き.たす,き.たる,き,こ		Kanjin merkityksiä englanniksi: come, due, next, cause, become;	来る[くる] (yleisyys: 43.),出来る[できる] (yleisyys: 50.),将来[しょうらい] (yleisyys: 1031.),以来[いらい] (yleisyys: 1179.),従来[じゅうらい] (yleisyys: 1389.)	来る・くる	tulla	来月・らいげつ	ensi kuu	来年・らいねん	ensi vuosi										"Merkin vetojen lukumäärä: 7 <br> <a href=""https://jisho.org/search/来%23kanji"" target=""_blank"">来 Jisho-sanakirjassa</a>"	Tähän voi kirjoittaa käsin lisätietoja	*来*
丁	3	comp	丁	チョウ,テイ,チン,トウ,チ,ひのと		Kanjin merkityksiä englanniksi: street, ward, town, counter for guns, tools, leaves or cakes of something, even number, 4th calendar sign;	丁度[ちょうど] (yleisyys: 1460.),丁目[ちょうめ] (yleisyys: 2709.),丁寧[ていねい] (yleisyys: 3051.)																"Merkin vetojen lukumäärä: 2 <br> <a href=""https://jisho.org/search/丁%23kanji"" target=""_blank"">丁 Jisho-sanakirjassa</a>"		
亍	3	comp	一丁	チョク,たたず.む		Kanjin merkityksiä englanniksi: to take small steps, Korean place name;																	"Merkin vetojen lukumäärä: 3 <br> <a href=""https://jisho.org/search/亍%23kanji"" target=""_blank"">亍 Jisho-sanakirjassa</a>"		
行	3	target	彳亍	コウ,ギョウ,アン,い.く,ゆ.く,-ゆ.き,-ゆき,-い.き,-いき,おこな.う,おこ.なう	い・く	mennä	行く[いく] (yleisyys: 48.),行う[おこなう] (yleisyys: 112.),行動[こうどう] (yleisyys: 576.),行為[こうい] (yleisyys: 617.),銀行[ぎんこう] (yleisyys: 674.)	行く・いく	mennä	行う・おこなう？？？													"Merkin vetojen lukumäärä: 6 <br> <a href=""https://jisho.org/search/行%23kanji"" target=""_blank"">行 Jisho-sanakirjassa</a>"	Tähän voi kirjoittaa käsin lisätietoja	*行*
舌	3	comp	舌	ゼツ,した		Kanjin merkityksiä englanniksi: tongue, reed, clapper;	舌[した] (yleisyys: 3403.)																"Merkin vetojen lukumäärä: 6 <br> <a href=""https://jisho.org/search/舌%23kanji"" target=""_blank"">舌 Jisho-sanakirjassa</a>"		
言	3	target	言	ゲン,ゴン,い.う,こと		Kanjin merkityksiä englanniksi: say, word;	言う[いう] (yleisyys: 18.),言葉[ことば] (yleisyys: 222.),言語[げんご] (yleisyys: 1510.),発言[はつげん] (yleisyys: 1947.),一言[ひとこと] (yleisyys: 1994.)	言う・いう	sanoa	言葉・ことば？？？													"Merkin vetojen lukumäärä: 7 <br> <a href=""https://jisho.org/search/言%23kanji"" target=""_blank"">言 Jisho-sanakirjassa</a>"	Tähän voi kirjoittaa käsin lisätietoja	*言*
話	3	target	言舌	ワ,はな.す,はなし		Kanjin merkityksiä englanniksi: tale, talk;	話[はなし] (yleisyys: 174.),電話[でんわ] (yleisyys: 290.),話す[はなす] (yleisyys: 389.),会話[かいわ] (yleisyys: 1825.),話題[わだい] (yleisyys: 1880.)																"Merkin vetojen lukumäärä: 13 <br> <a href=""https://jisho.org/search/話%23kanji"" target=""_blank"">話 Jisho-sanakirjassa</a>"	Tähän voi kirjoittaa käsin lisätietoja	*話*
女	4	target	女	ジョ,ニョ,ニョウ,おんな,め	ジョ,おんな	nainen	彼女[かのじょ] (yleisyys: 217.),女性[じょせい] (yleisyys: 264.),女[おんな] (yleisyys: 307.),女子[じょし] (yleisyys: 1442.),女の子[おんなのこ] (yleisyys: 1465.)	女・おんな	nainen	女の子・おんなのこ	tyttö	男女・だんじょ	miehet ja naiset	女性・じょせい	naishenkilö, naispuolinen	あの女の人は小学こうのせん生です。	Tuo nainen on alakoulun opettaja.	あの女の子は小さいです。	Tuo tyttö on pieni.	ロックは男女に人気があります。	Sekä miehet että naiset pitävät rock-musiikista.		"Merkin vetojen lukumäärä: 3 <br> <a href=""https://jisho.org/search/女%23kanji"" target=""_blank"">女 Jisho-sanakirjassa</a>"	Tähän voi kirjoittaa käsin lisätietoja	*女*
子	4	target	子	シ,ス,ツ,こ,-こ,ね	シ、こ	lapsi	子供[こども] (yleisyys: 149.),子[こ] (yleisyys: 289.),様子[ようす] (yleisyys: 846.),息子[むすこ] (yleisyys: 1113.),原子[げんし] (yleisyys: 1294.)	子ども・こども	lapsi	男子・だんし	poika	女子・じょし	tyttö			子どもはそとであそんでいます。	Lapset leikkivät ulkona.	男子のトイレはどこですか。	Missä miesten vessa on?				"Merkin vetojen lukumäärä: 3 <br> <a href=""https://jisho.org/search/子%23kanji"" target=""_blank"">子 Jisho-sanakirjassa</a>"	Tähän voi kirjoittaa käsin lisätietoja	*子*
好	4	target	女子	コウ,この.む,す.く,よ.い,い.い	このむ、すき	pitää jostakin; mieluinen	好き[すき] (yleisyys: 353.),格好[かっこう] (yleisyys: 1527.),大好き[だいすき] (yleisyys: 2015.),好み[このみ] (yleisyys: 2579.),好む[このむ] (yleisyys: 3349.)	好き・すき	pitää jostakin, mieluinen	大好き・だいすき	pitää paljon jstkin, rakastaa, erittäin mieluinen	お好み焼き・おこのみやき	okonomiyaki (japanilainen ruokalaji)			好きなどうぶつは何ですか。	Mistä eläimestä pidät?	子どもはアイスクリームが大好きです。	Lapset rakastavat jäätelöä.	お好みやきはかんたんす。	Okonomiyaki on helppoa.		"Merkin vetojen lukumäärä: 6 <br> <a href=""https://jisho.org/search/好%23kanji"" target=""_blank"">好 Jisho-sanakirjassa</a>"	Tähän voi kirjoittaa käsin lisätietoja	*好*
力	4	comp	力	リョク,リキ,リイ,ちから	リョク,リキ,ちから	voima	力[りょく] (yleisyys: 306.),力[ちから] (yleisyys: 441.),協力[きょうりょく] (yleisyys: 597.),能力[のうりょく] (yleisyys: 752.),努力[どりょく] (yleisyys: 933.)																"Merkin vetojen lukumäärä: 2 <br> <a href=""https://jisho.org/search/力%23kanji"" target=""_blank"">力 Jisho-sanakirjassa</a>"		
田	4	comp	田	デン,た	デン,た	riisipelto	田舎[いなか] (yleisyys: 3643.),豊田[とよた] (yleisyys: 4044.)																"Merkin vetojen lukumäärä: 5 <br> <a href=""https://jisho.org/search/田%23kanji"" target=""_blank"">田 Jisho-sanakirjassa</a>"		
男	4	target	田力	ダン,ナン,おとこ,お	ダン、おとこ	mies	男[おとこ] (yleisyys: 209.),男性[だんせい] (yleisyys: 708.),男女[だんじょ] (yleisyys: 1691.),男子[だんし] (yleisyys: 2273.),男の子[おとこのこ] (yleisyys: 2645.)	男・おとこ	mies	男の子・おとこのこ	poika	男性・だんせい	mieshenkilö, miespuolinen			きのう、ゆうめいな男の人を見ました。	Näin eilen kuuluisan miehen.						"Merkin vetojen lukumäärä: 7 <br> <a href=""https://jisho.org/search/男%23kanji"" target=""_blank"">男 Jisho-sanakirjassa</a>"	Tähän voi kirjoittaa käsin lisätietoja	*男*
厶	4	comp	厶	シ,ボウ,ム,わたくし,ござ.る		Kanjin merkityksiä englanniksi: I, myself, katakana mu radical (no. 28);																	"Merkin vetojen lukumäärä: 2 <br> <a href=""https://jisho.org/search/厶%23kanji"" target=""_blank"">厶 Jisho-sanakirjassa</a>"		
私	4	target	禾厶	シ,わたくし,わたし		Kanjin merkityksiä englanniksi: private, I, me;	私[わたくし] (yleisyys: 54.),私[わたし] (yleisyys: 182.),私立[しりつ] (yleisyys: 4782.)	私・わたし、わたくし	minä	私立・しりつ？？？													"Merkin vetojen lukumäärä: 7 <br> <a href=""https://jisho.org/search/私%23kanji"" target=""_blank"">私 Jisho-sanakirjassa</a>"	Tähän voi kirjoittaa käsin lisätietoja	*私*
学	4	target	¤子	ガク,まな.ぶ		opiskella	学校[がっこう] (yleisyys: 227.),大学[だいがく] (yleisyys: 318.),学[がく] (yleisyys: 521.),科学[かがく] (yleisyys: 782.),学習[がくしゅう] (yleisyys: 1062.)	学校・がっこう	koulu	大学・だいがく	yliopisto	学生・がくせい	opiskelija										"Merkin vetojen lukumäärä: 8 <br> <a href=""https://jisho.org/search/学%23kanji"" target=""_blank"">学 Jisho-sanakirjassa</a>"	Tähän voi kirjoittaa käsin lisätietoja	*学*
父	4	comp	父	フ,ちち		isä	父[ちち] (yleisyys: 554.),父親[ちちおや] (yleisyys: 1372.),伯父[おじ] (yleisyys: 1528.),父[とう] (yleisyys: 1611.),親父[おやじ] (yleisyys: 2817.)																"Merkin vetojen lukumäärä: 4 <br> <a href=""https://jisho.org/search/父%23kanji"" target=""_blank"">父 Jisho-sanakirjassa</a>"		
交	4	comp	亠父	コウ,まじ.わる,まじ.える,ま.じる,まじ.る,ま.ざる,ま.ぜる,-か.う,か.わす,かわ.す,こもごも		Kanjin merkityksiä englanniksi: mingle, mixing, association, coming & going;	交通[こうつう] (yleisyys: 684.),交換[こうかん] (yleisyys: 1240.),交流[こうりゅう] (yleisyys: 1423.),交渉[こうしょう] (yleisyys: 1727.),交付[こうふ] (yleisyys: 2134.)																"Merkin vetojen lukumäärä: 6 <br> <a href=""https://jisho.org/search/交%23kanji"" target=""_blank"">交 Jisho-sanakirjassa</a>"		
校	4	target	木交	コウ,キョウ		Kanjin merkityksiä englanniksi: exam, school, printing, proof, correction;	学校[がっこう] (yleisyys: 227.),高校[こうこう] (yleisyys: 934.),校[こう] (yleisyys: 2991.),校長[こうちょう] (yleisyys: 4397.),登校[とうこう] (yleisyys: 4888.)	高校・こうこう	lukio	中学校・ちゅうがっこう	yläkoulu	小学校・しょうがっこう	alakoulu										"Merkin vetojen lukumäärä: 10 <br> <a href=""https://jisho.org/search/校%23kanji"" target=""_blank"">校 Jisho-sanakirjassa</a>"	Tähän voi kirjoittaa käsin lisätietoja	*校*
儿	4	comp	儿	ジン,ニン,がい		ihmisjalat																	"Merkin vetojen lukumäärä: 2 <br> <a href=""https://jisho.org/search/儿%23kanji"" target=""_blank"">儿 Jisho-sanakirjassa</a>"		
⺧	4	comp																							
先	4	target	⺧儿	セン,さき,ま.ず		Kanjin merkityksiä englanniksi: before, ahead, previous, future, precedence;	先[さき] (yleisyys: 288.),先ず[まず] (yleisyys: 315.),先生[せんせい] (yleisyys: 320.),先程[さきほど] (yleisyys: 1267.),先日[せんじつ] (yleisyys: 2190.)	先・さき		先生・せんせい	opettaja	先月・せんげつ	viime kuu			お先にしつれいします。							"Merkin vetojen lukumäärä: 6 <br> <a href=""https://jisho.org/search/先%23kanji"" target=""_blank"">先 Jisho-sanakirjassa</a>"	Tähän voi kirjoittaa käsin lisätietoja	*先*
冂	4	comp	冂	キョウ,ケイ		Kanjin merkityksiä englanniksi: upside-down box radical (no. 13);																	"Merkin vetojen lukumäärä: 2 <br> <a href=""https://jisho.org/search/冂%23kanji"" target=""_blank"">冂 Jisho-sanakirjassa</a>"		
高	4	target	亠口冂	コウ,たか.い,たか,-だか,たか.まる,たか.める		Kanjin merkityksiä englanniksi: tall, high, expensive;	高い[たかい] (yleisyys: 203.),高齢[こうれい] (yleisyys: 853.),最高[さいこう] (yleisyys: 919.),高校[こうこう] (yleisyys: 934.),高[こう] (yleisyys: 1087.)																"Merkin vetojen lukumäärä: 10 <br> <a href=""https://jisho.org/search/高%23kanji"" target=""_blank"">高 Jisho-sanakirjassa</a>"	Tähän voi kirjoittaa käsin lisätietoja	*高*
上	4	target	上	ジョウ,ショウ,シャン,うえ,-うえ,うわ-,かみ,あ.げる,-あ.げる,あ.がる,-あ.がる,あ.がり,-あ.がり,のぼ.る,のぼ.り,のぼ.せる,のぼ.す,たてまつ.る	ジョウ、うえ、あがる、あげる	yllä, ylös	上[うえ] (yleisyys: 167.),以上[いじょう] (yleisyys: 178.),上げる[あげる] (yleisyys: 229.),上[じょう] (yleisyys: 308.),上がる[あがる] (yleisyys: 838.)	上・うえ	yläpuoli, ylä-	年上・としうえ	vanhempi (ihminen)	上がる・あがる	nousta	上げる・あげる	nostaa	テーブルの上にくだものがあります。	Pöydän päällä on hedelmiä.	年上のせいとを「せんぱい」といいます。	Vanhempia oppilaita kutsutaan sempaiksi.				"Merkin vetojen lukumäärä: 3 <br> <a href=""https://jisho.org/search/上%23kanji"" target=""_blank"">上 Jisho-sanakirjassa</a>"	Tähän voi kirjoittaa käsin lisätietoja	*上*
下	4	target	下	カ,ゲ,した,しも,もと,さ.げる,さ.がる,くだ.る,くだ.り,くだ.す,-くだ.す,くだ.さる,お.ろす,お.りる	した、さげる、さがる、ください	alla, alas	下さる[くださる] (yleisyys: 125.),下[した] (yleisyys: 469.),以下[いか] (yleisyys: 485.),下[もと] (yleisyys: 855.),下りる[おりる] (yleisyys: 1343.)	下・した	alapuoli, ala-	年下・としした	nuorempi (ihminen)	下がる・さがる	laskea, alentua, pudota	下げる・さげる　下さい・ください	laskea alas     saisinko			年下の生とを「こうはい」といいます。	Nuorempia oppilaita kutsutaan koohaiksi.			それ下さい。 Saisinko sen.	"Merkin vetojen lukumäärä: 3 <br> <a href=""https://jisho.org/search/下%23kanji"" target=""_blank"">下 Jisho-sanakirjassa</a>"	Tähän voi kirjoittaa käsin lisätietoja	*下*
古	5	target	十口	コ,ふる.い,ふる-,-ふる.す	ふるい、コ	vanha	古い[ふるい] (yleisyys: 1190.),古代[こだい] (yleisyys: 2464.),古典[こてん] (yleisyys: 4049.),稽古[けいこ] (yleisyys: 4502.),古墳[こふん] (yleisyys: 4728.)	古い・ふるい	vanha	中古・ちゅうこ	käytetty					フィンランドには古いですが、いいたてものがたくさんあります。	Suomessa on paljon vanhoja, mutta yhä hyviä rakennuksia.	このカメラは中古ですよ。	Tämä kamera on ostettu käytettynä.				"Merkin vetojen lukumäärä: 5 <br> <a href=""https://jisho.org/search/古%23kanji"" target=""_blank"">古 Jisho-sanakirjassa</a>"	Tähän voi kirjoittaa käsin lisätietoja	*古*
斤	5	comp	斤	キン	キン	kirves																	"Merkin vetojen lukumäärä: 4 <br> <a href=""https://jisho.org/search/斤%23kanji"" target=""_blank"">斤 Jisho-sanakirjassa</a>"		
朩	5	comp	朩			puu, jonka juuret ovat irti																		vain komponentti	
立	5	comp	立	リツ,リュウ,リットル,た.つ,-た.つ,た.ち-,た.てる,-た.てる,た.て-,たて-,-た.て,-だ.て,-だ.てる		nousta, seistä	立つ[たつ] (yleisyys: 384.),立てる[たてる] (yleisyys: 699.),立場[たちば] (yleisyys: 970.),成立[せいりつ] (yleisyys: 1316.),独立[どくりつ] (yleisyys: 1475.)																"Merkin vetojen lukumäärä: 5 <br> <a href=""https://jisho.org/search/立%23kanji"" target=""_blank"">立 Jisho-sanakirjassa</a>"		
亲	5	comp	亲			puuhun kiivennyt ihminen																		vain komponentti	
新	5	target	亲斤	シン,あたら.しい,あら.た,あら-,にい-	あたらしい、シン	uusi	新しい[あたらしい] (yleisyys: 388.),新[しん] (yleisyys: 451.),新聞[しんぶん] (yleisyys: 664.),新た[あらた] (yleisyys: 920.),更新[こうしん] (yleisyys: 2114.)	新しい・あたらしい	uusi	新年・しんねん	uusivuosi					新しいスマートフォンがほしいです。	Haluan uuden puhelimen.	「あけましておめでとうございます」は新年のあいさつです。	あけましておめでとうございます on uudenvuoden tervehdys.				"Merkin vetojen lukumäärä: 13 <br> <a href=""https://jisho.org/search/新%23kanji"" target=""_blank"">新 Jisho-sanakirjassa</a>"	Tähän voi kirjoittaa käsin lisätietoja	*新*
明	5	target	日月	メイ,ミョウ,ミン,あ.かり,あか.るい,あか.るむ,あか.らむ,あき.らか,あ.ける,-あ.け,あ.く,あ.くる,あ.かす	あかるい	kirkas, valoisa	説明[せつめい] (yleisyys: 374.),明らか[あきらか] (yleisyys: 732.),明日[あす] (yleisyys: 910.),明治[めいじ] (yleisyys: 1038.),明るい[あかるい] (yleisyys: 1374.)	明日・あした	huominen	明るい・あかるい	kirkas, valoisa; iloinen					明日は明日のかぜがふきます。	Huomenna tuulee huomisen tuulet.	あねは明るくて、げんきがいいです。	Isosiskoni on hyväntuulinen ja terve.				"Merkin vetojen lukumäärä: 8 <br> <a href=""https://jisho.org/search/明%23kanji"" target=""_blank"">明 Jisho-sanakirjassa</a>"	Tähän voi kirjoittaa käsin lisätietoja	*明*
音	5	target	音	オン,イン,-ノン,おと,ね	おと、オン	ääni	音[おと] (yleisyys: 572.),音楽[おんがく] (yleisyys: 849.),音[おん] (yleisyys: 3470.),音声[おんせい] (yleisyys: 4341.),録音[ろくおん] (yleisyys: 4373.)	音・おと	ääni	音楽・おんがく	musiikki					となりのへやで大きな音がしました。	Viereisestä huoneesta kuului kovaa ääntä.	どんな音楽が好きですか。	Millaisesta musiikista pidät?				"Merkin vetojen lukumäärä: 9 <br> <a href=""https://jisho.org/search/音%23kanji"" target=""_blank"">音 Jisho-sanakirjassa</a>"	Tähän voi kirjoittaa käsin lisätietoja	*音*
暗	5	target	日音	アン,くら.い,くら.む,くれ.る	アン、くらい	pimeä, hämärä; synkkä	暗い[くらい] (yleisyys: 1796.)	暗い・くらい	pimeä; synkkä	暗記する・あんきする	opetella ulkoa					フィンランドでいつがいちばん暗いですか。	Milloin Suomessa on kaikista pimeintä?	かんじは暗きしてください。	Opettele kanjit ulkoa.				"Merkin vetojen lukumäärä: 13 <br> <a href=""https://jisho.org/search/暗%23kanji"" target=""_blank"">暗 Jisho-sanakirjassa</a>"	Tähän voi kirjoittaa käsin lisätietoja	*暗*
丿	5	comp	丿	ヘツ,えい,よう		katakana no																	"Merkin vetojen lukumäärä: 1 <br> <a href=""https://jisho.org/search/丿%23kanji"" target=""_blank"">丿 Jisho-sanakirjassa</a>"	vain komponentti	
白	5	target	丿日	ハク,ビャク,しろ,しら-,しろ.い	しろ、しろい	valkoinen	面白い[おもしろい] (yleisyys: 785.),白い[しろい] (yleisyys: 1045.),白[しろ] (yleisyys: 1053.),蛋白[たんぱく] (yleisyys: 2811.),告白[こくはく] (yleisyys: 4025.)	白い・しろい	valkoinen	白黒・しろくろ	mustavalkoinen					りんごのはなは白いです。	Omenankukat ovat valkoisia.	むかしのテレビは白黒でした。	Ennen vanhaan televisio(n kuva) oli mustavalkoinen.				"Merkin vetojen lukumäärä: 5 <br> <a href=""https://jisho.org/search/白%23kanji"" target=""_blank"">白 Jisho-sanakirjassa</a>"	Tähän voi kirjoittaa käsin lisätietoja	*白*
&	5	comp	&			purkautuneet langat																		vain komponentti	
楽	5	target	&CDP-89AE;白木	ガク,ラク,ゴウ,たの.しい,たの.しむ,この.む	たのしい、ガク	musiikki; kiinnostava; mukava, hauska, iloinen; mukava, helppo	楽しい[たのしい] (yleisyys: 746.),楽しむ[たのしむ] (yleisyys: 792.),音楽[おんがく] (yleisyys: 849.),楽しみ[たのしみ] (yleisyys: 1760.),楽[らく] (yleisyys: 1928.)	楽しい・たのしい	kiinnostava; hauska, mukava							音楽のクラスは楽しいです。	Musiikkitunneilla on hauskaa.						"Merkin vetojen lukumäärä: 13 <br> <a href=""https://jisho.org/search/楽%23kanji"" target=""_blank"">楽 Jisho-sanakirjassa</a>"	Tähän voi kirjoittaa käsin lisätietoja	*楽*
灬	5	comp	灬	ヒョウ,カ	ヒョウ,カ	tuli-merkin (火) variantti, kun komponentti esiintyy merkin alaosana																	"Merkin vetojen lukumäärä: 4 <br> <a href=""https://jisho.org/search/灬%23kanji"" target=""_blank"">灬 Jisho-sanakirjassa</a>"	vain komponentti	
黒	5	target	田土灬	コク,くろ,くろ.ずむ,くろ.い	コク、くろ、くろい	musta	黒[くろ] (yleisyys: 1003.),黒い[くろい] (yleisyys: 1835.),黒人[こくじん] (yleisyys: 4415.)	黒い・くろい	musta	黒板・こくばん	liitutaulu					黒い色は好きじゃないです。	En pidä mustasta väristä.	先生は黒ばんに日本ごのぶんをかきました。	Opettaja kirjoitti liitutaululle japaninkielisiä lauseita				"Merkin vetojen lukumäärä: 11 <br> <a href=""https://jisho.org/search/黒%23kanji"" target=""_blank"">黒 Jisho-sanakirjassa</a>"	Tähän voi kirjoittaa käsin lisätietoja	*黒*
色	5	target	色	ショク,シキ,いろ	いろ	väri	色[いろ] (yleisyys: 558.),色々[いろいろ] (yleisyys: 707.),色々[いろいろ] (yleisyys: 921.),色んな[いろんな] (yleisyys: 1542.),色[しょく] (yleisyys: 2658.)	色・いろ	väri	何色・なにいろ	minkä värinen?					明るい色がすきです。	Pidän kirkkaista väreistä.	ゆきさんのでんわは何色ですか。	Minkä värinen puhelin Yukilla on?				"Merkin vetojen lukumäärä: 6 <br> <a href=""https://jisho.org/search/色%23kanji"" target=""_blank"">色 Jisho-sanakirjassa</a>"	Tähän voi kirjoittaa käsin lisätietoja	*色*
魚	5	target	魚	ギョ,うお,さかな,-ざかな	ギョ,さかな	kala	魚[さかな] (yleisyys: 1575.)	魚・さかな	kala	金魚	kultakala	小魚・こざかな	syötävä pikkukala			肉より魚のほうが好きです。	Pidän enemmän kalasta kuin lihasta.						"Merkin vetojen lukumäärä: 11 <br> <a href=""https://jisho.org/search/魚%23kanji"" target=""_blank"">魚 Jisho-sanakirjassa</a>"	Tähän voi kirjoittaa käsin lisätietoja	*魚*
肉	5	target	肉	ニク,しし	ニク	liha	肉[にく] (yleisyys: 1661.),筋肉[きんにく] (yleisyys: 2635.),肉体[にくたい] (yleisyys: 2896.)	肉・にく	liha	魚肉・ぎょにく	kalan liha					肉が好きですか。	Pidätkö lihasta?	魚肉ソーセージは好きですか。	Pidätkö kalanakeista?				"Merkin vetojen lukumäärä: 6 <br> <a href=""https://jisho.org/search/肉%23kanji"" target=""_blank"">肉 Jisho-sanakirjassa</a>"	Tähän voi kirjoittaa käsin lisätietoja	*肉*
牛	5	target	牛	ギュウ,うし	ギュウ,うし	lehmä, nauta	牛[うし] (yleisyys: 3102.),牛乳[ぎゅうにゅう] (yleisyys: 3596.)	牛・うし	lehmä, härkä, nauta	牛肉・ぎゅうにく	naudanliha	牛乳・ぎゅうにゅう	lehmänmaito			牛の				牛にゅうはおいしくないです。	Maito ei ole hyvänmakuista.		"Merkin vetojen lukumäärä: 4 <br> <a href=""https://jisho.org/search/牛%23kanji"" target=""_blank"">牛 Jisho-sanakirjassa</a>"	Tähän voi kirjoittaa käsin lisätietoja	*牛*
囗	5	comp	囗	イ,コク		aitaus																	"Merkin vetojen lukumäärä: 3 <br> <a href=""https://jisho.org/search/囗%23kanji"" target=""_blank"">囗 Jisho-sanakirjassa</a>"		
⺊	5	comp																							
占	5	comp	⺊囗	セン,し.める,うらな.う		ennustus	占める[しめる] (yleisyys: 1004.),独占[どくせん] (yleisyys: 3958.),占領[せんりょう] (yleisyys: 4104.)																"Merkin vetojen lukumäärä: 5 <br> <a href=""https://jisho.org/search/占%23kanji"" target=""_blank"">占 Jisho-sanakirjassa</a>"		
广	5	comp	广	ゲン		Kanjin merkityksiä englanniksi: dotted cliff radical (no. 53);																	"Merkin vetojen lukumäärä: 3 <br> <a href=""https://jisho.org/search/广%23kanji"" target=""_blank"">广 Jisho-sanakirjassa</a>"		
店	5	target	广占	テン,みせ,たな		kauppa	店[みせ] (yleisyys: 563.),店[てん] (yleisyys: 665.),商店[しょうてん] (yleisyys: 3005.),店舗[てんぽ] (yleisyys: 3052.),支店[してん] (yleisyys: 3992.)	店・みせ	kauppa, liike														"Merkin vetojen lukumäärä: 8 <br> <a href=""https://jisho.org/search/店%23kanji"" target=""_blank"">店 Jisho-sanakirjassa</a>"	Tähän voi kirjoittaa käsin lisätietoja	*店*
𠂇	5	comp																							
右	5	target	𠂇口	ウ,ユウ,みぎ		oikea	右[みぎ] (yleisyys: 897.),左右[さゆう] (yleisyys: 1892.),右手[みぎて] (yleisyys: 2761.),右側[みぎがわ] (yleisyys: 4765.)	右・みぎ	oikea	左右・さゆう	vasen ja oikea												"Merkin vetojen lukumäärä: 5 <br> <a href=""https://jisho.org/search/右%23kanji"" target=""_blank"">右 Jisho-sanakirjassa</a>"	Tähän voi kirjoittaa käsin lisätietoja	*右*
工	5	comp	工	コウ,ク,グ		työ; taitavuus	工事[こうじ] (yleisyys: 1247.),工場[こうじょう] (yleisyys: 1292.),工業[こうぎょう] (yleisyys: 1485.),加工[かこう] (yleisyys: 2183.),工夫[くふう] (yleisyys: 2190.)																"Merkin vetojen lukumäärä: 3 <br> <a href=""https://jisho.org/search/工%23kanji"" target=""_blank"">工 Jisho-sanakirjassa</a>"		
左	5	target	𠂇工	サ,シャ,ひだり		vasen	左[ひだり] (yleisyys: 1149.),左右[さゆう] (yleisyys: 1892.),左手[ひだりて] (yleisyys: 3296.),左側[ひだりがわ] (yleisyys: 4828.)	左・ひだり	vasen	左手・ひだりて	vasen käsi												"Merkin vetojen lukumäärä: 5 <br> <a href=""https://jisho.org/search/左%23kanji"" target=""_blank"">左 Jisho-sanakirjassa</a>"	Tähän voi kirjoittaa käsin lisätietoja	*左*
幺	5	comp	幺	ヨウ,ちいさい		Kanjin merkityksiä englanniksi: short thread radical (no. 52);																	"Merkin vetojen lukumäärä: 3 <br> <a href=""https://jisho.org/search/幺%23kanji"" target=""_blank"">幺 Jisho-sanakirjassa</a>"		
夂	5	comp	夂	チ,しゅう		Kanjin merkityksiä englanniksi: late, delayed, winter radical (no. 34);																	"Merkin vetojen lukumäärä: 3 <br> <a href=""https://jisho.org/search/夂%23kanji"" target=""_blank"">夂 Jisho-sanakirjassa</a>"		
彳	5	comp	彳	テキ,たたず.む		Kanjin merkityksiä englanniksi: stop, linger, loiter, going man radical (no. 60);																	"Merkin vetojen lukumäärä: 3 <br> <a href=""https://jisho.org/search/彳%23kanji"" target=""_blank"">彳 Jisho-sanakirjassa</a>"		
後	5	target	彳夂幺	ゴ,コウ,のち,うし.ろ,うしろ,あと,おく.れる		Kanjin merkityksiä englanniksi: behind, back, later;	後[あと] (yleisyys: 141.),後[ご] (yleisyys: 274.),最後[さいご] (yleisyys: 472.),午後[ごご] (yleisyys: 513.),今後[こんご] (yleisyys: 637.)	後・あと															"Merkin vetojen lukumäärä: 9 <br> <a href=""https://jisho.org/search/後%23kanji"" target=""_blank"">後 Jisho-sanakirjassa</a>"	Tähän voi kirjoittaa käsin lisätietoja	*後*
刂	5	comp	刂	トウ		Kanjin merkityksiä englanniksi: knife, standing sword radical (no. 18);																	"Merkin vetojen lukumäärä: 2 <br> <a href=""https://jisho.org/search/刂%23kanji"" target=""_blank"">刂 Jisho-sanakirjassa</a>"		
䒑	5	comp	䒑			Kanjin merkityksiä englanniksi: grass, straw, herbs, weeds;																	"Merkin vetojen lukumäärä: 6 <br> <a href=""https://jisho.org/search/䒑%23kanji"" target=""_blank"">䒑 Jisho-sanakirjassa</a>"		
前	5	target	䒑月刂	ゼン,まえ,-まえ		Kanjin merkityksiä englanniksi: in front, before;	前[まえ] (yleisyys: 111.),名前[なまえ] (yleisyys: 569.),御前[おまえ] (yleisyys: 653.),午前[ごぜん] (yleisyys: 689.),以前[いぜん] (yleisyys: 716.)	前・まえ		下名前・したなまえ													"Merkin vetojen lukumäärä: 9 <br> <a href=""https://jisho.org/search/前%23kanji"" target=""_blank"">前 Jisho-sanakirjassa</a>"	Tähän voi kirjoittaa käsin lisätietoja	*前*
巾	5	comp	巾	キン,フク,おお.い,ちきり,きれ		Kanjin merkityksiä englanniksi: towel, hanging scroll, width, cloth radical (no. 50);																	"Merkin vetojen lukumäärä: 3 <br> <a href=""https://jisho.org/search/巾%23kanji"" target=""_blank"">巾 Jisho-sanakirjassa</a>"		
冖	5	comp	冖	ベキ		Kanjin merkityksiä englanniksi: wa-shaped crown radical (no. 14);																	"Merkin vetojen lukumäärä: 2 <br> <a href=""https://jisho.org/search/冖%23kanji"" target=""_blank"">冖 Jisho-sanakirjassa</a>"		
彐	5	comp	彐	ケイ		Kanjin merkityksiä englanniksi: snout, pig's head radical (no. 58);																	"Merkin vetojen lukumäärä: 3 <br> <a href=""https://jisho.org/search/彐%23kanji"" target=""_blank"">彐 Jisho-sanakirjassa</a>"		
帚	5	comp	彐冖巾	ソウ,シュウ,ほうき		Kanjin merkityksiä englanniksi: broom;																	"Merkin vetojen lukumäärä: 8 <br> <a href=""https://jisho.org/search/帚%23kanji"" target=""_blank"">帚 Jisho-sanakirjassa</a>"		
帰	5	target	刂帚	キ,かえ.る,かえ.す,おく.る,とつ.ぐ		Kanjin merkityksiä englanniksi: homecoming, arrive at, lead to, result in;	帰り[かえり] (yleisyys: 2672.),帰国[きこく] (yleisyys: 3237.),帰宅[きたく] (yleisyys: 3402.),復帰[ふっき] (yleisyys: 3771.)	帰る・かえる	palata takaisin														"Merkin vetojen lukumäärä: 10 <br> <a href=""https://jisho.org/search/帰%23kanji"" target=""_blank"">帰 Jisho-sanakirjassa</a>"	Tähän voi kirjoittaa käsin lisätietoja	*帰*
丶	5	comp	丶	チュ		Kanjin merkityksiä englanniksi: dot, tick or dot radical (no. 3);																	"Merkin vetojen lukumäärä: 1 <br> <a href=""https://jisho.org/search/丶%23kanji"" target=""_blank"">丶 Jisho-sanakirjassa</a>"		
𠆢	5	comp	𠆢	Ei tunnettuja ääntämyksiä;		Ei tunnettuja englanninnoksia;																	"Merkin vetojen lukumäärä: 2 <br> <a href=""https://jisho.org/search/𠆢%23kanji"" target=""_blank"">𠆢 Jisho-sanakirjassa</a>"		
艮	5	comp	艮	コン,ゴン,うしとら		Kanjin merkityksiä englanniksi: northeast (Oriental zodiac), stopping, good radical (no. 138);																	"Merkin vetojen lukumäärä: 6 <br> <a href=""https://jisho.org/search/艮%23kanji"" target=""_blank"">艮 Jisho-sanakirjassa</a>"		
食	5	target	艮𠆢丶	ショク,ジキ,く.う,く.らう,た.べる,は.む	たべ・る、しょく	syödä; ruoka	食べる[たべる] (yleisyys: 266.),食事[しょくじ] (yleisyys: 907.),食[しょく] (yleisyys: 1487.),食品[しょくひん] (yleisyys: 1658.),食う[くう] (yleisyys: 1725.)	食べる・たべる	syödä	食べ物・たべもの？？？		食事・しょくじ？？？											"Merkin vetojen lukumäärä: 9 <br> <a href=""https://jisho.org/search/食%23kanji"" target=""_blank"">食 Jisho-sanakirjassa</a>"	Tähän voi kirjoittaa käsin lisätietoja	*食*
𠦝	5	comp	𠦝	Ei tunnettuja ääntämyksiä;		Ei tunnettuja englanninnoksia;																	"Merkin vetojen lukumäärä: 8 <br> <a href=""https://jisho.org/search/𠦝%23kanji"" target=""_blank"">𠦝 Jisho-sanakirjassa</a>"		
朝	5	target	𠦝月	チョウ,あさ		Kanjin merkityksiä englanniksi: morning, dynasty, regime, epoch, period, (North) Korea;	朝[あさ] (yleisyys: 686.),朝鮮[ちょうせん] (yleisyys: 1776.),朝日[あさひ] (yleisyys: 2424.),北朝鮮[きたちょうせん] (yleisyys: 2966.),今朝[けさ] (yleisyys: 3035.)	朝・あさ	aamu	朝食・ちょうしょく	aamiainen												"Merkin vetojen lukumäärä: 12 <br> <a href=""https://jisho.org/search/朝%23kanji"" target=""_blank"">朝 Jisho-sanakirjassa</a>"	Tähän voi kirjoittaa käsin lisätietoja	*朝*
旦	5	comp	日一	タン,ダン,あき.らか,あきら,ただし,あさ,あした		Kanjin merkityksiä englanniksi: daybreak, dawn, morning;	旦那[だんな] (yleisyys: 1819.),一旦[いったん] (yleisyys: 2543.)																"Merkin vetojen lukumäärä: 5 <br> <a href=""https://jisho.org/search/旦%23kanji"" target=""_blank"">旦 Jisho-sanakirjassa</a>"		
尺	5	comp	尺	シャク		Kanjin merkityksiä englanniksi: shaku, Japanese foot, measure, scale, rule;																	"Merkin vetojen lukumäärä: 4 <br> <a href=""https://jisho.org/search/尺%23kanji"" target=""_blank"">尺 Jisho-sanakirjassa</a>"		
昼	5	target	尺旦	チュウ,ひる		keskipäivä, päivä	昼[ひる] (yleisyys: 2171.),昼間[ひるま] (yleisyys: 3583.),昼食[ちゅうしょく] (yleisyys: 3979.)	昼・ひる	keskipäivä, päivä	昼食・ちゅうしょく	lounas												"Merkin vetojen lukumäärä: 9 <br> <a href=""https://jisho.org/search/昼%23kanji"" target=""_blank"">昼 Jisho-sanakirjassa</a>"	Tähän voi kirjoittaa käsin lisätietoja	*昼*
&	5	comp																							
夜	5	target	亠亻&CDP-89F3;	ヤ,よ,よる		ilta, yö	夜[よる] (yleisyys: 515.),今夜[こんや] (yleisyys: 2799.),夜中[よなか] (yleisyys: 3661.),深夜[しんや] (yleisyys: 3867.),昨夜[さくや] (yleisyys: 4034.)	夜・よる	ilta, yö	夜中・よなか	keskiyö												"Merkin vetojen lukumäärä: 8 <br> <a href=""https://jisho.org/search/夜%23kanji"" target=""_blank"">夜 Jisho-sanakirjassa</a>"	Tähän voi kirjoittaa käsin lisätietoja	*夜*
休	5	target	亻木	キュウ,やす.む,やす.まる,やす.める		Kanjin merkityksiä englanniksi: rest, day off, retire, sleep;	休む[やすむ] (yleisyys: 2230.),休み[やすみ] (yleisyys: 2313.),休日[きゅうじつ] (yleisyys: 3422.),休暇[きゅうか] (yleisyys: 4049.),夏休み[なつやすみ] (yleisyys: 4164.)	休み・やすみ	tauko; loma; lepo	休日・きゅうじつ	vapaapäivä												"Merkin vetojen lukumäärä: 6 <br> <a href=""https://jisho.org/search/休%23kanji"" target=""_blank"">休 Jisho-sanakirjassa</a>"	Tähän voi kirjoittaa käsin lisätietoja	*休*
自	5	comp	自	ジ,シ,みずか.ら,おの.ずから,おの.ずと		Kanjin merkityksiä englanniksi: oneself;	自分[じぶん] (yleisyys: 87.),自由[じゆう] (yleisyys: 463.),自然[しぜん] (yleisyys: 519.),自身[じしん] (yleisyys: 542.),自動[じどう] (yleisyys: 580.)																"Merkin vetojen lukumäärä: 6 <br> <a href=""https://jisho.org/search/自%23kanji"" target=""_blank"">自 Jisho-sanakirjassa</a>"		
夏	5	target	一自夂	カ,ガ,ゲ,なつ	なつ	kesä	夏[なつ] (yleisyys: 994.),夏休み[なつやすみ] (yleisyys: 4164.)	夏・なつ	kesä	夏休み・なつやすみ	kesäloma												"Merkin vetojen lukumäärä: 10 <br> <a href=""https://jisho.org/search/夏%23kanji"" target=""_blank"">夏 Jisho-sanakirjassa</a>"	Tähän voi kirjoittaa käsin lisätietoja	*夏*
禾	5	comp	禾	カ,いね		Kanjin merkityksiä englanniksi: two-branch tree radical (no. 115);																	"Merkin vetojen lukumäärä: 5 <br> <a href=""https://jisho.org/search/禾%23kanji"" target=""_blank"">禾 Jisho-sanakirjassa</a>"		
秋	5	target	禾火	シュウ,あき,とき	あき	syksy	秋[あき] (yleisyys: 1357.)	秋・あき	syksy														"Merkin vetojen lukumäärä: 9 <br> <a href=""https://jisho.org/search/秋%23kanji"" target=""_blank"">秋 Jisho-sanakirjassa</a>"	Tähän voi kirjoittaa käsin lisätietoja	*秋*
冬	5	target	夂丶	トウ,ふゆ	ふゆ	talvi	冬[ふゆ] (yleisyys: 1501.)	冬・ふゆ	talvi														"Merkin vetojen lukumäärä: 5 <br> <a href=""https://jisho.org/search/冬%23kanji"" target=""_blank"">冬 Jisho-sanakirjassa</a>"	Tähän voi kirjoittaa käsin lisätietoja	*冬*
&	5	comp																							
春	5	target	&CDP-8BE9;日	シュン,はる	はる	kevät	春[はる] (yleisyys: 1296.)	春・はる	kevät														"Merkin vetojen lukumäärä: 9 <br> <a href=""https://jisho.org/search/春%23kanji"" target=""_blank"">春 Jisho-sanakirjassa</a>"	Tähän voi kirjoittaa käsin lisätietoja	*春*
赤	5	target	赤	セキ,シャク,あか,あか-,あか.い,あか.らむ,あか.らめる		punainen	赤い[あかい] (yleisyys: 1555.),赤[あか] (yleisyys: 1793.),赤ちゃん[あかちゃん] (yleisyys: 2303.),赤字[あかじ] (yleisyys: 3097.),真っ赤[まっか] (yleisyys: 4807.)	赤い・あかい	punainen	赤ちゃん・あかちゃん	vauva												"Merkin vetojen lukumäärä: 7 <br> <a href=""https://jisho.org/search/赤%23kanji"" target=""_blank"">赤 Jisho-sanakirjassa</a>"	Tähän voi kirjoittaa käsin lisätietoja	*赤*
龶	5	comp																							
青	5	target	龶月	セイ,ショウ,あお,あお-,あお.い		sininen, vihreä	青年[せいねん] (yleisyys: 2022.),青い[あおい] (yleisyys: 2601.),青[あお] (yleisyys: 3205.),青少年[せいしょうねん] (yleisyys: 3227.)	青い・あおい	sininen, vihreä	青年・せいねん？？？	nuori; nuori mies												"Merkin vetojen lukumäärä: 8 <br> <a href=""https://jisho.org/search/青%23kanji"" target=""_blank"">青 Jisho-sanakirjassa</a>"	Tilanteesta riippuen 青い on suomeksi joko 'sininen' tai 'vihreä': sininen taivas on 青い, mutta niin ovat myös vihreät omenat ja vihreä liikennevalo.	*青*
虫	5	comp	虫	チュウ,キ,むし		Kanjin merkityksiä englanniksi: insect, bug, temper;	虫[むし] (yleisyys: 2678.)																"Merkin vetojen lukumäärä: 6 <br> <a href=""https://jisho.org/search/虫%23kanji"" target=""_blank"">虫 Jisho-sanakirjassa</a>"		
弓	5	comp	弓	キュウ,ゆみ		Kanjin merkityksiä englanniksi: bow, bow (archery, violin);																	"Merkin vetojen lukumäärä: 3 <br> <a href=""https://jisho.org/search/弓%23kanji"" target=""_blank"">弓 Jisho-sanakirjassa</a>"		
強	5	target	弓厶虫	キョウ,ゴウ,つよ.い,つよ.まる,つよ.める,し.いる,こわ.い		Kanjin merkityksiä englanniksi: strong;	強い[つよい] (yleisyys: 304.),勉強[べんきょう] (yleisyys: 1038.),強化[きょうか] (yleisyys: 1287.),強調[きょうちょう] (yleisyys: 2509.),強制[きょうせい] (yleisyys: 2515.)																"Merkin vetojen lukumäärä: 11 <br> <a href=""https://jisho.org/search/強%23kanji"" target=""_blank"">強 Jisho-sanakirjassa</a>"	Tähän voi kirjoittaa käsin lisätietoja	*強*
弱	5	target	弱	ジャク,よわ.い,よわ.る,よわ.まる,よわ.める		Kanjin merkityksiä englanniksi: weak, frail;	弱い[よわい] (yleisyys: 1696.)	弱い・よわい															"Merkin vetojen lukumäärä: 10 <br> <a href=""https://jisho.org/search/弱%23kanji"" target=""_blank"">弱 Jisho-sanakirjassa</a>"	Tähän voi kirjoittaa käsin lisätietoja	*弱*
勿	5	comp	勿	モチ,ブツ,ボツ,なか.れ,なし		Kanjin merkityksiä englanniksi: not, must not, do not, be not;	勿論[もちろん] (yleisyys: 412.),勿体[もったい] (yleisyys: 4687.)																"Merkin vetojen lukumäärä: 4 <br> <a href=""https://jisho.org/search/勿%23kanji"" target=""_blank"">勿 Jisho-sanakirjassa</a>"		
昜	5	comp	勿日一	ヨウ		Kanjin merkityksiä englanniksi: open, sun;																	"Merkin vetojen lukumäärä: 9 <br> <a href=""https://jisho.org/search/昜%23kanji"" target=""_blank"">昜 Jisho-sanakirjassa</a>"		
氵	5	comp	氵	さんずい		Kanjin merkityksiä englanniksi: water, water radical (no. 85);																	"Merkin vetojen lukumäärä: 3 <br> <a href=""https://jisho.org/search/氵%23kanji"" target=""_blank"">氵 Jisho-sanakirjassa</a>"		
湯	5	target	氵昜	トウ,ゆ	ゆ	Kanjin merkityksiä englanniksi: hot water, bath, hot spring;	湯[ゆ] (yleisyys: 2080.)	湯・ゆ	kuuma vesi														"Merkin vetojen lukumäärä: 12 <br> <a href=""https://jisho.org/search/湯%23kanji"" target=""_blank"">湯 Jisho-sanakirjassa</a>"	Huom: japaniksi kylmälle vedelle (水) ja kuumalle vedelle (湯) on omat sanansa. Sanaa 水 ei voi siten koskaan käyttää kuumasta tai lämpimästä vedestä.	*湯*
皿	5	comp	皿	ベイ,さら		Kanjin merkityksiä englanniksi: dish, a helping, plate;	皿[さら] (yleisyys: 2736.)																"Merkin vetojen lukumäärä: 5 <br> <a href=""https://jisho.org/search/皿%23kanji"" target=""_blank"">皿 Jisho-sanakirjassa</a>"		
昷	5	comp	日皿	オン,めぐ.む		Kanjin merkityksiä englanniksi: to feed a prisoner;																	"Merkin vetojen lukumäärä: 9 <br> <a href=""https://jisho.org/search/昷%23kanji"" target=""_blank"">昷 Jisho-sanakirjassa</a>"		
温	5	target	氵昷	オン,あたた.か,あたた.かい,あたた.まる,あたた.める,ぬく		Kanjin merkityksiä englanniksi: warm;	温泉[おんせん] (yleisyys: 1900.),温かい[あたたかい] (yleisyys: 1977.),温度[おんど] (yleisyys: 2411.),気温[きおん] (yleisyys: 3486.),温める[あたためる] (yleisyys: 4258.)	温かい・あたたかい															"Merkin vetojen lukumäärä: 12 <br> <a href=""https://jisho.org/search/温%23kanji"" target=""_blank"">温 Jisho-sanakirjassa</a>"	Tähän voi kirjoittaa käsin lisätietoja	*温*
泉	5	target	白水	セン,いずみ	セン	Kanjin merkityksiä englanniksi: spring, fountain;	温泉[おんせん] (yleisyys: 1900.)	温泉・おんせん	kuuma lähde; kylpylä kuumalla lähteellä														"Merkin vetojen lukumäärä: 9 <br> <a href=""https://jisho.org/search/泉%23kanji"" target=""_blank"">泉 Jisho-sanakirjassa</a>"	Tähän voi kirjoittaa käsin lisätietoja	*泉*
糸	5	comp	糸	シ,いと		Kanjin merkityksiä englanniksi: thread;	糸[いと] (yleisyys: 3171.)																"Merkin vetojen lukumäärä: 6 <br> <a href=""https://jisho.org/search/糸%23kanji"" target=""_blank"">糸 Jisho-sanakirjassa</a>"		
線	5	target	糸泉	セン,すじ		Kanjin merkityksiä englanniksi: line, track;	線[せん] (yleisyys: 641.),線[せん] (yleisyys: 1291.),視線[しせん] (yleisyys: 2073.),幹線[かんせん] (yleisyys: 3015.),無線[むせん] (yleisyys: 3143.)																"Merkin vetojen lukumäärä: 15 <br> <a href=""https://jisho.org/search/線%23kanji"" target=""_blank"">線 Jisho-sanakirjassa</a>"	Tähän voi kirjoittaa käsin lisätietoja	*線*
兀	5	comp	兀	コツ		Kanjin merkityksiä englanniksi: high & level, lofty, bald, dangerous;																	"Merkin vetojen lukumäärä: 3 <br> <a href=""https://jisho.org/search/兀%23kanji"" target=""_blank"">兀 Jisho-sanakirjassa</a>"		
元	5	target	一兀	ゲン,ガン,もと		Kanjin merkityksiä englanniksi: beginning, former time, origin;	元[もと] (yleisyys: 533.),元気[げんき] (yleisyys: 1208.),元々[もともと] (yleisyys: 1596.),地元[じもと] (yleisyys: 1662.),足元[あしもと] (yleisyys: 3531.)	元気な・げんきな	reipas, pirteä, elinvoimainen; terve, hyvinvoiva														"Merkin vetojen lukumäärä: 4 <br> <a href=""https://jisho.org/search/元%23kanji"" target=""_blank"">元 Jisho-sanakirjassa</a>"	Tähän voi kirjoittaa käsin lisätietoja	*元*
㐅	5	comp																							
乁	5	comp	乁	イ,なが.れる		Kanjin merkityksiä englanniksi:;																	"Merkin vetojen lukumäärä: 1 <br> <a href=""https://jisho.org/search/乁%23kanji"" target=""_blank"">乁 Jisho-sanakirjassa</a>"		
𠂉	5	comp	𠂉	Ei tunnettuja ääntämyksiä;		Ei tunnettuja englanninnoksia;																	"Merkin vetojen lukumäärä: 2 <br> <a href=""https://jisho.org/search/𠂉%23kanji"" target=""_blank"">𠂉 Jisho-sanakirjassa</a>"		
气	5	comp	𠂉一乁	キ,ケ,いき		Kanjin merkityksiä englanniksi: spirit, steam radical (no. 84);																	"Merkin vetojen lukumäärä: 4 <br> <a href=""https://jisho.org/search/气%23kanji"" target=""_blank"">气 Jisho-sanakirjassa</a>"		
気	5	target	气㐅	キ,ケ,いき		Kanjin merkityksiä englanniksi: spirit, mind, air, atmosphere, mood;	気[き] (yleisyys: 153.),気持ち[きもち] (yleisyys: 364.),気付く[きづく] (yleisyys: 833.),病気[びょうき] (yleisyys: 1017.),人気[にんき] (yleisyys: 1056.)	気分・きぶん	tunne, mieliala; vointi; tunnelma	人気・にんき	suosittu												"Merkin vetojen lukumäärä: 6 <br> <a href=""https://jisho.org/search/気%23kanji"" target=""_blank"">気 Jisho-sanakirjassa</a>"	Tähän voi kirjoittaa käsin lisätietoja	*気*
夬	5	comp	夬	カイ,ケツ,ケチ,わ.ける		Kanjin merkityksiä englanniksi: decide, determine, archery glove;																	"Merkin vetojen lukumäärä: 4 <br> <a href=""https://jisho.org/search/夬%23kanji"" target=""_blank"">夬 Jisho-sanakirjassa</a>"		
決	5	target	氵夬	ケツ,き.める,-ぎ.め,き.まる,さ.く		Kanjin merkityksiä englanniksi: decide, fix, agree upon, appoint;	決定[けってい] (yleisyys: 584.),決める[きめる] (yleisyys: 661.),解決[かいけつ] (yleisyys: 985.),決まる[きまる] (yleisyys: 1000.),決して[けっして] (yleisyys: 1150.)																"Merkin vetojen lukumäärä: 7 <br> <a href=""https://jisho.org/search/決%23kanji"" target=""_blank"">決 Jisho-sanakirjassa</a>"	Tähän voi kirjoittaa käsin lisätietoja	*決*
巳	5	comp	巳	シ,み		Kanjin merkityksiä englanniksi: sign of the snake or serpent, 9-11AM, sixth sign of Chinese zodiac;																	"Merkin vetojen lukumäärä: 3 <br> <a href=""https://jisho.org/search/巳%23kanji"" target=""_blank"">巳 Jisho-sanakirjassa</a>"		
龰	5	comp																							
走	5	comp	土龰	ソウ,はし.る		Kanjin merkityksiä englanniksi: run;	走る[はしる] (yleisyys: 643.),走行[そうこう] (yleisyys: 3956.),馳走[ちそう] (yleisyys: 4948.)																"Merkin vetojen lukumäärä: 7 <br> <a href=""https://jisho.org/search/走%23kanji"" target=""_blank"">走 Jisho-sanakirjassa</a>"		
起	5	target	走巳	キ,お.きる,お.こる,お.こす,おこ.す,た.つ		Kanjin merkityksiä englanniksi: rouse, wake up, get up;	起こる[おこる] (yleisyys: 669.),起きる[おきる] (yleisyys: 887.),起こす[おこす] (yleisyys: 999.),起動[きどう] (yleisyys: 3566.),引き起こす[ひきおこす] (yleisyys: 3640.)																"Merkin vetojen lukumäärä: 10 <br> <a href=""https://jisho.org/search/起%23kanji"" target=""_blank"">起 Jisho-sanakirjassa</a>"	Tähän voi kirjoittaa käsin lisätietoja	*起*
米	5	target	米	ベイ,マイ,メエトル,こめ,よね		Kanjin merkityksiä englanniksi: rice, USA, metre;	米国[べいこく] (yleisyys: 1162.),米[べい] (yleisyys: 1526.),欧米[おうべい] (yleisyys: 3013.),日米[にちべい] (yleisyys: 3091.),米軍[べいぐん] (yleisyys: 3770.)																"Merkin vetojen lukumäärä: 6 <br> <a href=""https://jisho.org/search/米%23kanji"" target=""_blank"">米 Jisho-sanakirjassa</a>"	Merkityksen 'riisi' lisäksi tällä merkillä voidaan tarkoittaa Yhdysvaltoja 米国 (べいこく). Esimerkiksi sanomalehtiotsikossa Yhdysvaltojen ja Japanin suhteisiin voidaan viitata lyhyesti 日米.	*米*
又	5	comp	又	ユウ,また,また-,また.の-		Kanjin merkityksiä englanniksi: or again, furthermore, on the other hand;	又[また] (yleisyys: 84.),又[また] (yleisyys: 297.)																"Merkin vetojen lukumäärä: 2 <br> <a href=""https://jisho.org/search/又%23kanji"" target=""_blank"">又 Jisho-sanakirjassa</a>"		
厂	5	comp	厂	カン,かりがね		Kanjin merkityksiä englanniksi: wild goose, trailing cliff radical (no. 27);																	"Merkin vetojen lukumäärä: 2 <br> <a href=""https://jisho.org/search/厂%23kanji"" target=""_blank"">厂 Jisho-sanakirjassa</a>"		
反	5	comp	厂又	ハン,ホン,タン,ホ,そ.る,そ.らす,かえ.す,かえ.る,-かえ.る		Kanjin merkityksiä englanniksi: anti-;	反対[はんたい] (yleisyys: 954.),反応[はんのう] (yleisyys: 1170.),違反[いはん] (yleisyys: 1428.),反映[はんえい] (yleisyys: 2330.),反省[はんせい] (yleisyys: 3286.)																"Merkin vetojen lukumäärä: 4 <br> <a href=""https://jisho.org/search/反%23kanji"" target=""_blank"">反 Jisho-sanakirjassa</a>"		
飠	5	comp	食			Kanjin merkityksiä englanniksi: eat, food, radical number 184;																	"Merkin vetojen lukumäärä: 9 <br> <a href=""https://jisho.org/search/飠%23kanji"" target=""_blank"">飠 Jisho-sanakirjassa</a>"		
飯	5	target	飠反	ハン,めし		Kanjin merkityksiä englanniksi: meal, boiled rice;	御飯[ごはん] (yleisyys: 1699.)																"Merkin vetojen lukumäärä: 12 <br> <a href=""https://jisho.org/search/飯%23kanji"" target=""_blank"">飯 Jisho-sanakirjassa</a>"	Tähän voi kirjoittaa käsin lisätietoja	*飯*
宀	5	comp	宀	ベン,メン		Kanjin merkityksiä englanniksi: shaped crown, katakana u radical (no. 40);																	"Merkin vetojen lukumäärä: 3 <br> <a href=""https://jisho.org/search/宀%23kanji"" target=""_blank"">宀 Jisho-sanakirjassa</a>"		
安	5	target	宀女	アン,やす.い,やす.まる,やす,やす.らか		Kanjin merkityksiä englanniksi: relax, cheap, low, quiet, rested, contented, peaceful;	安全[あんぜん] (yleisyys: 523.),安定[あんてい] (yleisyys: 876.),不安[ふあん] (yleisyys: 916.),安い[やすい] (yleisyys: 1159.),安心[あんしん] (yleisyys: 1359.)																"Merkin vetojen lukumäärä: 6 <br> <a href=""https://jisho.org/search/安%23kanji"" target=""_blank"">安 Jisho-sanakirjassa</a>"	Tämän merkin alkuperäinen merkitys on 'turvallinen', 'halpa' on vasta Japanissa myöhemmin merkkiin liitetty merkitys.	*安*
貝	5	comp	目八	バイ,かい		Kanjin merkityksiä englanniksi: shellfish;																	"Merkin vetojen lukumäärä: 7 <br> <a href=""https://jisho.org/search/貝%23kanji"" target=""_blank"">貝 Jisho-sanakirjassa</a>"		
⺫	5	comp																							
買	5	target	⺫貝	バイ,か.う		Kanjin merkityksiä englanniksi: buy;	買う[かう] (yleisyys: 310.),買い物[かいもの] (yleisyys: 2454.),売買[ばいばい] (yleisyys: 3383.),買い[かい] (yleisyys: 4934.)	買う・かう	ostaa	買い物・かいもの？？？													"Merkin vetojen lukumäärä: 12 <br> <a href=""https://jisho.org/search/買%23kanji"" target=""_blank"">買 Jisho-sanakirjassa</a>"	Tähän voi kirjoittaa käsin lisätietoja	*買*
体	5	target	亻本	タイ,テイ,からだ,かたち		Kanjin merkityksiä englanniksi: body, substance, object, reality, counter for images;	体[からだ] (yleisyys: 370.),全体[ぜんたい] (yleisyys: 462.),団体[だんたい] (yleisyys: 652.),体[たい] (yleisyys: 660.),具体[ぐたい] (yleisyys: 795.)																"Merkin vetojen lukumäärä: 7 <br> <a href=""https://jisho.org/search/体%23kanji"" target=""_blank"">体 Jisho-sanakirjassa</a>"	Tähän voi kirjoittaa käsin lisätietoja	*体*
料	5	target	米斗	リョウ		Kanjin merkityksiä englanniksi: fee, materials;	料[りょう] (yleisyys: 512.),資料[しりょう] (yleisyys: 662.),料理[りょうり] (yleisyys: 735.),材料[ざいりょう] (yleisyys: 1076.),無料[むりょう] (yleisyys: 1118.)																"Merkin vetojen lukumäärä: 10 <br> <a href=""https://jisho.org/search/料%23kanji"" target=""_blank"">料 Jisho-sanakirjassa</a>"	Tähän voi kirjoittaa käsin lisätietoja	*料*
里	5	comp	田土	リ,さと		Kanjin merkityksiä englanniksi: ri, village, parent's home, league;	里[さと] (yleisyys: 4292.)																"Merkin vetojen lukumäärä: 7 <br> <a href=""https://jisho.org/search/里%23kanji"" target=""_blank"">里 Jisho-sanakirjassa</a>"		
王	5	comp	王	オウ,-ノウ		Kanjin merkityksiä englanniksi: king, rule, magnate;	王[おう] (yleisyys: 1278.),女王[じょおう] (yleisyys: 4477.),国王[こくおう] (yleisyys: 4928.)																"Merkin vetojen lukumäärä: 4 <br> <a href=""https://jisho.org/search/王%23kanji"" target=""_blank"">王 Jisho-sanakirjassa</a>"		
理	5	target	王里	リ,ことわり		Kanjin merkityksiä englanniksi: logic, arrangement, reason, justice, truth;	管理[かんり] (yleisyys: 394.),理由[りゆう] (yleisyys: 460.),理解[りかい] (yleisyys: 491.),処理[しょり] (yleisyys: 605.),料理[りょうり] (yleisyys: 735.)																"Merkin vetojen lukumäärä: 11 <br> <a href=""https://jisho.org/search/理%23kanji"" target=""_blank"">理 Jisho-sanakirjassa</a>"	Tähän voi kirjoittaa käsin lisätietoja	*理*
心	5	target	心	シン,こころ,-ごころ		Kanjin merkityksiä englanniksi: heart, mind, spirit, heart radical (no. 61);	心[こころ] (yleisyys: 272.),中心[ちゅうしん] (yleisyys: 413.),心配[しんぱい] (yleisyys: 773.),安心[あんしん] (yleisyys: 1359.),関心[かんしん] (yleisyys: 1396.)																"Merkin vetojen lukumäärä: 4 <br> <a href=""https://jisho.org/search/心%23kanji"" target=""_blank"">心 Jisho-sanakirjassa</a>"	Tähän voi kirjoittaa käsin lisätietoja	*心*
不	5	target	不	フ,ブ		Kanjin merkityksiä englanniksi: negative, non-, bad, ugly, clumsy;	不[ふ] (yleisyys: 257.),不安[ふあん] (yleisyys: 916.),不思議[ふしぎ] (yleisyys: 1280.),不足[ふそく] (yleisyys: 1498.),不明[ふめい] (yleisyys: 2318.)																"Merkin vetojen lukumäärä: 4 <br> <a href=""https://jisho.org/search/不%23kanji"" target=""_blank"">不 Jisho-sanakirjassa</a>"	Tähän voi kirjoittaa käsin lisätietoja	*不*
¦	5	comp																							
無	5	target	¦灬	ム,ブ,な.い		Kanjin merkityksiä englanniksi: nothingness, none, ain't, nothing, nil, not;	無い[ない] (yleisyys: 24.),無[む] (yleisyys: 621.),無し[なし] (yleisyys: 811.),無理[むり] (yleisyys: 927.),無くなる[なくなる] (yleisyys: 943.)																"Merkin vetojen lukumäärä: 12 <br> <a href=""https://jisho.org/search/無%23kanji"" target=""_blank"">無 Jisho-sanakirjassa</a>"	Tähän voi kirjoittaa käsin lisätietoja	*無*
事	5	target	事	ジ,ズ,こと,つか.う,つか.える		Kanjin merkityksiä englanniksi: matter, thing, fact, business, reason, possibly;	事[こと] (yleisyys: 19.),事業[じぎょう] (yleisyys: 179.),仕事[しごと] (yleisyys: 232.),事件[じけん] (yleisyys: 407.),事務[じむ] (yleisyys: 565.)																"Merkin vetojen lukumäärä: 8 <br> <a href=""https://jisho.org/search/事%23kanji"" target=""_blank"">事 Jisho-sanakirjassa</a>"		
𪜊	5	comp																							
今	5	target	𠆢𪜊	コン,キン,いま		Kanjin merkityksiä englanniksi: now;	今[いま] (yleisyys: 99.),今日[きょう] (yleisyys: 247.),今回[こんかい] (yleisyys: 560.),今後[こんご] (yleisyys: 637.),今度[こんど] (yleisyys: 762.)																"Merkin vetojen lukumäärä: 4 <br> <a href=""https://jisho.org/search/今%23kanji"" target=""_blank"">今 Jisho-sanakirjassa</a>"		
周	5	comp	冂土口	シュウ,まわ.り		Kanjin merkityksiä englanniksi: circumference, circuit, lap;	周り[まわり] (yleisyys: 1109.),周辺[しゅうへん] (yleisyys: 1371.),周囲[しゅうい] (yleisyys: 1627.),周年[しゅうねん] (yleisyys: 4172.),周波[しゅうは] (yleisyys: 4172.)																"Merkin vetojen lukumäärä: 8 <br> <a href=""https://jisho.org/search/周%23kanji"" target=""_blank"">周 Jisho-sanakirjassa</a>"		
辶	5	comp	辶	チャク		Kanjin merkityksiä englanniksi: walk, walking, road radical variant (no. 162);																	"Merkin vetojen lukumäärä: 4 <br> <a href=""https://jisho.org/search/辶%23kanji"" target=""_blank"">辶 Jisho-sanakirjassa</a>"		
週	5	target	辶周	シュウ		Kanjin merkityksiä englanniksi: week;	週間[しゅうかん] (yleisyys: 1016.),週[しゅう] (yleisyys: 2190.),毎週[まいしゅう] (yleisyys: 3261.),今週[こんしゅう] (yleisyys: 4157.),週末[しゅうまつ] (yleisyys: 4673.)																"Merkin vetojen lukumäärä: 11 <br> <a href=""https://jisho.org/search/週%23kanji"" target=""_blank"">週 Jisho-sanakirjassa</a>"		
半	5	target	半	ハン,なか.ば		Kanjin merkityksiä englanniksi: half, middle, odd number, semi-, part-;	半[はん] (yleisyys: 939.),半分[はんぶん] (yleisyys: 1433.),後半[こうはん] (yleisyys: 1912.),半ば[なかば] (yleisyys: 2830.),半年[はんとし] (yleisyys: 3139.)																"Merkin vetojen lukumäärä: 5 <br> <a href=""https://jisho.org/search/半%23kanji"" target=""_blank"">半 Jisho-sanakirjassa</a>"		
玉	5	comp	丶王	ギョク,たま,たま-,-だま		Kanjin merkityksiä englanniksi: jewel, ball;	玉[たま] (yleisyys: 2388.),玉葱[たまねぎ] (yleisyys: 3848.)																"Merkin vetojen lukumäärä: 5 <br> <a href=""https://jisho.org/search/玉%23kanji"" target=""_blank"">玉 Jisho-sanakirjassa</a>"		
国	5	target	囗玉	コク,くに		Kanjin merkityksiä englanniksi: country;	国[くに] (yleisyys: 224.),国[こく] (yleisyys: 366.),中国[ちゅうごく] (yleisyys: 390.),国民[こくみん] (yleisyys: 409.),国際[こくさい] (yleisyys: 430.)																"Merkin vetojen lukumäärä: 8 <br> <a href=""https://jisho.org/search/国%23kanji"" target=""_blank"">国 Jisho-sanakirjassa</a>"		
方	5	target	方	ホウ,かた,-かた,-がた		Kanjin merkityksiä englanniksi: direction, person, alternative;	方[ほう] (yleisyys: 96.),方[かた] (yleisyys: 154.),貴方[あなた] (yleisyys: 175.),方法[ほうほう] (yleisyys: 260.),地方[ちほう] (yleisyys: 391.)																"Merkin vetojen lukumäärä: 4 <br> <a href=""https://jisho.org/search/方%23kanji"" target=""_blank"">方 Jisho-sanakirjassa</a>"		
