kanži	osion nro	target/joyo/komponentti	komponentit	kaikki lukutavat	kirjan lukutavat	suomennos	korpuksesta esimerkkisanat	esim1	esim 1 suomeksi	esim 2	esim 2 suomeksi	esim 3	esim 3 suomeksi	muu esim	muu esim suomeksi	esimerkkilause1	suomeksi1	esimerkkilause2	suomeksi2	esimerkkilause3	suomeksi3	muut esimerkkilauseet	generoidut tiedot	Muut tiedot kanjista	tekninen sarake
漢字だけ 	monesko "kirjan kappale"	onko merkki mukana koska se on järkevä (target), jokin jooyoo mutta nostettu tähän komponenttina (joyo), vai vain komponentti	lista komponenteista	sanakirjasta generoitu lista	kirjaan käsin valitut lukutavat	kirjaan luotu suomennos	korpuksesta generoidut x yleisintä sanaa joissa kanji esiintyy	edellisistä sanoista (tai muuten) valittu sana nro 1	edellinen suomeksi	jokin toinen esimerkkisana		jokin kolmas. Nämä voivat olla tyhjiä, jos kanjista ei montaa esimerkkiä		varasarake, jos jostain kanjista esitellään yli 3 esimerkkiä								jos tarvitaan yli kolme esimerkkiä	sanakirjalinkit yms. Ei muokata tässä	tähän voi laittaa mitä tahansa ekstraa. Esim. linkkejä muille nettisivuille, Wikipediaan, kuvia jne	käytetään tarkistamaan esiintyykö merkki myöhempien osuuksien esimerkkilauseissa
																									
																									
0	1	2	3	4	5	6	7	8	9	10	11	12	13	14	15	16	17	18	19	20	21	22	23	24	
一	1	target	一	イチ,イツ,ひと-,ひと.つ	イチ、ひと-つ	yksi	一[いち] (yleisyys: 23.),一[ひと] (yleisyys: 146.),一人[ひとり] (yleisyys: 234.),一寸[ちょっと] (yleisyys: 287.),一般[いっぱん] (yleisyys: 338.)	一・いち	yksi	一つ・ひとつ	1 kpl	一月・いちがつ	tammikuu	一人・ひとり *	1 ihminen								Merkin vetojen lukumäärä: 1 <br> <a href="https://jisho.org/search/一%23kanji" target="_blank">一 Jisho-sanakirjassa</a>		*一*
二	1	target	二	ニ,ジ,ふた,ふた.つ,ふたたび	ニ、ふた-つ	kaksi	二[に] (yleisyys: 28.),二十[にじゅう] (yleisyys: 66.),二千[にせん] (yleisyys: 193.),二百[にひゃく] (yleisyys: 239.),二人[ふたり] (yleisyys: 252.)	二・に	kaksi	二つ・ふたつ	2 kpl	二月・にがつ	helmikuu	二人・ふたり *	2 ihmistä								Merkin vetojen lukumäärä: 2 <br> <a href="https://jisho.org/search/二%23kanji" target="_blank">二 Jisho-sanakirjassa</a>		*二*
三	1	target	三	サン,ゾウ,み,み.つ,みっ.つ	サン、みっ-つ	kolme	三[さん] (yleisyys: 32.),三十[さんじゅう] (yleisyys: 89.),三百[さんびゃく] (yleisyys: 368.),三[み] (yleisyys: 586.),三千[さんぜん] (yleisyys: 675.)	三・さん	kolme	三つ・みっつ	3 kpl	三月・さんがつ	maaliskuu	三人・さんにん	3 ihmistä								Merkin vetojen lukumäärä: 3 <br> <a href="https://jisho.org/search/三%23kanji" target="_blank">三 Jisho-sanakirjassa</a>		*三*
四	1	target	四	シ,よ,よ.つ,よっ.つ,よん	シ、よん、よっ-つ	neljä	四[よん] (yleisyys: 49.),四十[よんじゅう] (yleisyys: 136.),四百[よんひゃく] (yleisyys: 499.),四[し] (yleisyys: 673.),四千[よんせん] (yleisyys: 1136.)	四・よん／し	neljä	四つ・よっつ	4 kpl	四月・しがつ	huhtikuu	四人・よにん	4 ihmistä								Merkin vetojen lukumäärä: 5 <br> <a href="https://jisho.org/search/四%23kanji" target="_blank">四 Jisho-sanakirjassa</a>		*四*
五	1	target	五	ゴ,いつ,いつ.つ	ゴ、いつ-つ	viisi	五[ご] (yleisyys: 44.),五十[ごじゅう] (yleisyys: 109.),五百[ごひゃく] (yleisyys: 341.),五千[ごせん] (yleisyys: 799.),五[いつ] (yleisyys: 1450.)	五・ご	viisi	五つ・いつつ	5 kpl	五月・ごがつ	toukokuu	五人・ごにん	5 ihmistä								Merkin vetojen lukumäärä: 4 <br> <a href="https://jisho.org/search/五%23kanji" target="_blank">五 Jisho-sanakirjassa</a>		*五*
亠	1	comp	亠	トウ	トウ	kattilankansi																	Merkin vetojen lukumäärä: 2 <br> <a href="https://jisho.org/search/亠%23kanji" target="_blank">亠 Jisho-sanakirjassa</a>	vain komponentti	
六	1	target	亠八	ロク,リク,む,む.つ,むっ.つ,むい	ロク、むっ-つ	kuusi	六[ろく] (yleisyys: 65.),六十[ろくじゅう] (yleisyys: 161.),六百[ろっぴゃく] (yleisyys: 568.),六千[ろくせん] (yleisyys: 1309.),六[む] (yleisyys: 2141.)	六・ろく	kuusi	六つ・むっつ	6 kpl	六月・ろくがつ	kesäkuu	六人・ろくにん	6 ihmistä								Merkin vetojen lukumäärä: 4 <br> <a href="https://jisho.org/search/六%23kanji" target="_blank">六 Jisho-sanakirjassa</a>		*六*
七	1	target	七	シチ,なな,なな.つ,なの	シチ、なな、なな-つ	seitsemän	七[なな] (yleisyys: 75.),七十[ななじゅう] (yleisyys: 184.),七[しち] (yleisyys: 518.),七百[ななひゃく] (yleisyys: 579.),七千[ななせん] (yleisyys: 1593.)	七・なな／しち	seitsemän	七つ・ななつ	7 kpl	七月・しちがつ	heinäkuu	七人・ななにん／しちにん	7 ihmistä								Merkin vetojen lukumäärä: 2 <br> <a href="https://jisho.org/search/七%23kanji" target="_blank">七 Jisho-sanakirjassa</a>		*七*
八	1	target	八	ハチ,や,や.つ,やっ.つ,よう	ハチ、やっ-つ	kahdeksan	八[はち] (yleisyys: 70.),八十[はちじゅう] (yleisyys: 170.),八百[はっぴゃく] (yleisyys: 349.),八千[はっせん] (yleisyys: 1507.),八[や] (yleisyys: 2228.)	八・はち	kahdeksan	八つ・やっつ	8 kpl	八月・はちがつ	elokuu	八人・はちにん	8 ihmistä								Merkin vetojen lukumäärä: 2 <br> <a href="https://jisho.org/search/八%23kanji" target="_blank">八 Jisho-sanakirjassa</a>		*八*
九	1	target	九	キュウ,ク,ここの,ここの.つ	キュウ、ク、ここの-つ	yhdeksän	九[きゅう] (yleisyys: 76.),九百[きゅうひゃく] (yleisyys: 119.),九十[きゅうじゅう] (yleisyys: 163.),九千[きゅうせん] (yleisyys: 1610.),九[ここの] (yleisyys: 2578.)	九・きゅう／く	yhdeksän	九つ・ここのつ	9 kpl	九月・くがつ*	syyskuu	九人・きゅうにん	9 ihmistä								Merkin vetojen lukumäärä: 2 <br> <a href="https://jisho.org/search/九%23kanji" target="_blank">九 Jisho-sanakirjassa</a>		*九*
十	1	target	十	ジュウ,ジッ,ジュッ,とお,と	ジュウ、とお	kymmenen	十[じゅう] (yleisyys: 33.),二十[にじゅう] (yleisyys: 66.),三十[さんじゅう] (yleisyys: 89.),五十[ごじゅう] (yleisyys: 109.),四十[よんじゅう] (yleisyys: 136.)	十・じゅう	kymmenen	十・とう	10 kpl	十月・じゅうがつ	lokakuu	十人・じゅうにん	10 ihmistä								Merkin vetojen lukumäärä: 2 <br> <a href="https://jisho.org/search/十%23kanji" target="_blank">十 Jisho-sanakirjassa</a>		*十*
人	2	target	人	ジン,ニン,ひと,-り,-と	ニン、ジン、ひと	ihminen	人[ひと] (yleisyys: 67.),人[にん] (yleisyys: 132.),人[じん] (yleisyys: 138.),人間[にんげん] (yleisyys: 192.),一人[ひとり] (yleisyys: 234.)	人・ひと	ihminen	何人・なんにん	kuinka monta henkilöä	〜人・にん	laskupääte ihmisille	フィンランド人・フィンランドじん	suomalainen	すきな人はいますか。	Onko sinulla mielitiettyä?	きょうだいは何人ですか？	Kuinka monta sisarusta sinulla on?	きょうだいは四人です。	Minulla on 4 sisarusta.	トミはフィンランド人です。　Tomi on suomalainen.	Merkin vetojen lukumäärä: 2 <br> <a href="https://jisho.org/search/人%23kanji" target="_blank">人 Jisho-sanakirjassa</a>		*人*
大	2	target	大	ダイ,タイ,おお-,おお.きい,-おお.いに	ダイ、おお-きい	suuri	大[だい] (yleisyys: 213.),大きい[おおきい] (yleisyys: 233.),大きな[おおきな] (yleisyys: 282.),大学[だいがく] (yleisyys: 318.),大臣[だいじん] (yleisyys: 534.)	大きい・おおきい	iso	大学生・だいがくせい	yliopisto-opiskelija	大人・おとな*	aikuinen			大きいサイズでおねがいします。	Saisinko ison [vaatekoon].	あねは大学生です。	Isosiskoni on yliopisto-opiskelija.	はやく大人になりたいよ!	Haluan tulla nopeasti aikuiseksi!		Merkin vetojen lukumäärä: 3 <br> <a href="https://jisho.org/search/大%23kanji" target="_blank">大 Jisho-sanakirjassa</a>		*大*
犬	2	target	犬	ケン,いぬ,いぬ-	いぬ	koira	犬[いぬ] (yleisyys: 1130.),犬[けん] (yleisyys: 4842.)	犬・いぬ	koira							犬はこわいですか。	Pelkäätkö koiria?						Merkin vetojen lukumäärä: 4 <br> <a href="https://jisho.org/search/犬%23kanji" target="_blank">犬 Jisho-sanakirjassa</a>		
小	2	target	小	ショウ,ちい.さい,こ-,お-,さ-	ショウ、ちい-さい	pieni	小[しょう] (yleisyys: 399.),小さい[ちいさい] (yleisyys: 714.),小さな[ちいさな] (yleisyys: 726.),小説[しょうせつ] (yleisyys: 1433.),小学[しょうがく] (yleisyys: 1839.)	小さい・ちいさい	pieni	小学生・しょうがくせい	alakoululainen					小さいこえではなしましょう。	Puhutaanpas hiljaisella (pienellä) äänellä.	小学生のランドセルはかっこいいです。	Alakoululaisten koululaukut ovat hienoja.				Merkin vetojen lukumäärä: 3 <br> <a href="https://jisho.org/search/小%23kanji" target="_blank">小 Jisho-sanakirjassa</a>		*小*
￠	2	comp			-																			vain komponentti	
口	2	comp	口	コウ,ク,くち	コウ、くち	suu	口[くち] (yleisyys: 403.),人口[じんこう] (yleisyys: 1071.),入り口[いりぐち] (yleisyys: 2372.),窓口[まどぐち] (yleisyys: 2671.),口調[くちょう] (yleisyys: 2812.)	口・くち	suu	人口・じんこう	väkiluku					口を大きくあけてください。	Avaa suu isoksi.	日本の人口は何人ですか	Mikä on Japanin väkiluku?				Merkin vetojen lukumäärä: 3 <br> <a href="https://jisho.org/search/口%23kanji" target="_blank">口 Jisho-sanakirjassa</a>		*口*
可	2	comp	￠口	カ,コク,-べ.き,-べ.し	カ	mahdollinen	可能[かのう] (yleisyys: 237.),可成[かなり] (yleisyys: 532.),可愛い[かわいい] (yleisyys: 1064.),可笑しい[おかしい] (yleisyys: 1504.),許可[きょか] (yleisyys: 1638.)																Merkin vetojen lukumäärä: 5 <br> <a href="https://jisho.org/search/可%23kanji" target="_blank">可 Jisho-sanakirjassa</a>		
亻	2	comp	亻			ihminen (人 kun tämä komponentti on merkin vasemmalla puolella)																	Merkin vetojen lukumäärä: 2 <br> <a href="https://jisho.org/search/亻%23kanji" target="_blank">亻 Jisho-sanakirjassa</a>	vain komponentti	
何	2	target	亻可	カ,なに,なん,なに-,なん-	なに、なん	mikä	何[なに] (yleisyys: 62.),何時[いつ] (yleisyys: 202.),何処[どこ] (yleisyys: 240.),何[なん] (yleisyys: 277.),何の[どの] (yleisyys: 323.)	何・なに、なん	mikä, mitä							しゅみは何ですか。	Mikä on harrastuksesi?						Merkin vetojen lukumäärä: 7 <br> <a href="https://jisho.org/search/何%23kanji" target="_blank">何 Jisho-sanakirjassa</a>		*何*
寸	2	comp	寸	スン	スン	vanha pituusmitta sun, n. 3 cm	一寸[ちょっと] (yleisyys: 287.)																Merkin vetojen lukumäärä: 3 <br> <a href="https://jisho.org/search/寸%23kanji" target="_blank">寸 Jisho-sanakirjassa</a>		
土	2	comp	土	ド,ト,つち	ド、つち	maa, maaperä	土地[とち] (yleisyys: 646.),土[ど] (yleisyys: 1281.),国土[こくど] (yleisyys: 2429.),土[つち] (yleisyys: 2515.),土曜[どよう] (yleisyys: 2586.)	土・つち	maa, maaperä	土曜日・どようび	lauantai												Merkin vetojen lukumäärä: 3 <br> <a href="https://jisho.org/search/土%23kanji" target="_blank">土 Jisho-sanakirjassa</a>		*土*
寺	2	comp	土寸	ジ,てら	ジ,てら	(buddhalainen) temppeli	寺[じ] (yleisyys: 1161.),寺[てら] (yleisyys: 2546.)																Merkin vetojen lukumäärä: 6 <br> <a href="https://jisho.org/search/寺%23kanji" target="_blank">寺 Jisho-sanakirjassa</a>		
日	2	comp	日	ニチ,ジツ,ひ,-び,-か	ニチ、ひ	aurinko, päivä	日本[にっぽん] (yleisyys: 78.),日[にち] (yleisyys: 106.),日[ひ] (yleisyys: 150.),日[か] (yleisyys: 169.),今日[きょう] (yleisyys: 247.)	日・ひ	päivä, aurinko	何日・なんにち	mikä kuukaudenpäivä					ゆう日がきれいです。	Auringonlasku on kaunis.	こどもの日は何日ですか。	Mikä päivä on lasten päivä?				Merkin vetojen lukumäärä: 4 <br> <a href="https://jisho.org/search/日%23kanji" target="_blank">日 Jisho-sanakirjassa</a>		*日*
時	2	target	日寺	ジ,とき,-どき	ジ、とき	aika, tunti	時[とき] (yleisyys: 64.),時[じ] (yleisyys: 122.),時間[じかん] (yleisyys: 134.),何時[いつ] (yleisyys: 202.),時代[じだい] (yleisyys: 244.)	時・とき	aika	〜時・じ	tunnit kellonajassa	何時・なんじ	mikä kellonaika			きゅうけいの時にたいそうしましょう。	Jumpataan tauoilla!	三時です。	Kello on kolme.	いま何時ですか。	Mitä kello on?		Merkin vetojen lukumäärä: 10 <br> <a href="https://jisho.org/search/時%23kanji" target="_blank">時 Jisho-sanakirjassa</a>		*時*
刀	2	comp	刀	トウ,かたな,そり	トウ、かたな	veitsi, miekka	刀[かたな] (yleisyys: 4356.)																Merkin vetojen lukumäärä: 2 <br> <a href="https://jisho.org/search/刀%23kanji" target="_blank">刀 Jisho-sanakirjassa</a>		
分	2	target	八刀	ブン,フン,ブ,わ.ける,わ.け,わ.かれる,わ.かる,わ.かつ	フン、プン、ブン、わ-かる	minuutti, ymmärtää, osa	自分[じぶん] (yleisyys: 87.),分かる[わかる] (yleisyys: 105.),分[ふん] (yleisyys: 238.),部分[ぶぶん] (yleisyys: 344.),分[ぶん] (yleisyys: 476.)	〜分・ふん／ぷん	minuutti	何分・なんぷん	montako minuuttia	分かる・わかる	ymmärtää			じゅぎょうは四時十五分におわります。	Oppitunti loppuu viisitoista yli neljä.	何時何分ですか。	Mitä kello tarkalleen on?	ロシアごは分かりません。	En ymmärrä venäjää.		Merkin vetojen lukumäärä: 4 <br> <a href="https://jisho.org/search/分%23kanji" target="_blank">分 Jisho-sanakirjassa</a>		*分*
半	2	target		なか.ば, ハン	ハン	puolikas		一時半・いちじはん	puoli kaksi	半分・はんぶん	puolikas					一時半です。	Kello on puoli kaksi.	半分にしますか。	Laitetaanko puoliksi?				Merkin vetojen lukumäärä: 5 <br> <a href="https://jisho.org/search/半%23kanji" target="_blank">半 Jisho-sanakirjassa</a>		
日	2	target	日	ニチ,ジツ,ひ,-び,-か	ニチ、ひ	aurinko, päivä	日本[にっぽん] (yleisyys: 78.),日[にち] (yleisyys: 106.),日[ひ] (yleisyys: 150.),日[か] (yleisyys: 169.),今日[きょう] (yleisyys: 247.)	日・ひ	päivä, aurinko	何日・なんにち	mikä kuukaudenpäivä					ゆう日がきれいです。	Auringonlasku on kaunis.	こどもの日は何日ですか。	Mikä päivä on lasten päivä?				Merkin vetojen lukumäärä: 4 <br> <a href="https://jisho.org/search/日%23kanji" target="_blank">日 Jisho-sanakirjassa</a>		*日*
月	2	target	月	ゲツ,ガツ,つき	ガツ、ゲツ、つき	kuu, kuukausi	月[がつ] (yleisyys: 69.),箇月[かげつ] (yleisyys: 488.),月[つき] (yleisyys: 1101.),正月[しょうがつ] (yleisyys: 3161.),毎月[まいつき] (yleisyys: 3327.)	月・つき	kuu	四月・しがつ	huhtikuu	月曜日・げつようび	maanantai			月にうさぎはいますか。	Onko kuussa jäniksiä?	いもうとが四月に生まれました。	Minulle syntyi pikkusisko huhtikuussa.	月曜日はいそがしいですか。	Onko maanantai kiireinen?		Merkin vetojen lukumäärä: 4 <br> <a href="https://jisho.org/search/月%23kanji" target="_blank">月 Jisho-sanakirjassa</a>		*月*
年	2	target	年	ネン,とし	ネン、とし	vuosi	年[ねん] (yleisyys: 42.),年度[ねんど] (yleisyys: 273.),年間[ねんかん] (yleisyys: 564.),年金[ねんきん] (yleisyys: 750.),今年[ことし] (yleisyys: 845.)	年・とし	vuosi, ikävuosi	2029年・~ねん	vuosi 2029	二年生・にねんせい	2.-luokkalainen			お年はいくつですか。	Kuinka vanha olet?	2029年はれいわ十年です。	Vuosi 2029 on Reiwa-kauden 10. vuosi.	ティモさんは二年生ですか	Onko Timo 2.-luokkalainen?		Merkin vetojen lukumäärä: 6 <br> <a href="https://jisho.org/search/年%23kanji" target="_blank">年 Jisho-sanakirjassa</a>		*年*
生	2	target	生	セイ,ショウ,い.きる,い.かす,い.ける,う.まれる,うま.れる,う.まれ,うまれ,う.む,お.う,は.える,は.やす,き,なま,なま-,な.る,な.す,む.す,-う	セイ、い-きる、う-まれる、う-まれ	elämä, syntymä	生活[せいかつ] (yleisyys: 196.),先生[せんせい] (yleisyys: 320.),生[せい] (yleisyys: 330.),生きる[いきる] (yleisyys: 421.),生産[せいさん] (yleisyys: 465.)	生年月日・せいねんがっぴ	syntymäaika	生きる・いきる	elää	生まれる・うまれる	syntyä	〜生まれ・うまれ	syntynyt	生年月日をかいてください。	Kirjoittakaa syntymäaikanne.	ひゃく才まで生きたいですか。	Haluaisitko elää satavuotiaaksi?	あかちゃんが生まれました。	Vauva syntyi.	何月生まれですか。Missä kuussa olet syntynyt?	Merkin vetojen lukumäärä: 5 <br> <a href="https://jisho.org/search/生%23kanji" target="_blank">生 Jisho-sanakirjassa</a>		*生*
才	2	target	才		サイ	ikävuosi		〜才・さい	ikävuosien laskupääte	何才・なんさい	minkä ikäinen					おばあさんは九十九才です。	Isoäiti on 99-vuotias.	ボタンがおちています	Minkä ikäinen olet?					 Tämän merkin varsinainen merkitys on 'lahjakkuus', 'kyvykkyys'. Virallinen laskupääte ikävuosille on 歳 (さい) , mutta arkipäiväisessä kielessä tätä yksinkertaisempaa merkkiä käytetään usein merkitsemään ikävuosia.	
口	2	target	口	コウ,ク,くち	コウ、くち	suu	口[くち] (yleisyys: 403.),人口[じんこう] (yleisyys: 1071.),入り口[いりぐち] (yleisyys: 2372.),窓口[まどぐち] (yleisyys: 2671.),口調[くちょう] (yleisyys: 2812.)	口・くち	suu	人口・じんこう	väkiluku					口を大きくあけてください。	Avaa suu isoksi.	フィンランドの人口は何ですか。	Mikä on Suomen väkiluku?				Merkin vetojen lukumäärä: 3 <br> <a href="https://jisho.org/search/口%23kanji" target="_blank">口 Jisho-sanakirjassa</a>		*口*
目	2	target	目	モク,ボク,め,-め,ま-	モク、め	silmä	目[め] (yleisyys: 162.),目[め] (yleisyys: 300.),目的[もくてき] (yleisyys: 433.),駄目[だめ] (yleisyys: 741.),目標[もくひょう] (yleisyys: 989.)	目・め	silmä	目的・もくてき	päämäärä, tavoite; aie, tarkoitus	科目・かもく	kouluaine			うえのさんは 目がいい。	Uenon näkö on hyvä (silmät ovat hyvät).	ボタンがおちています	Tavoitteeni on tulla lääkäriksi.	すきな科目は何ですか。	Mistä kouluaineesta pidät?		Merkin vetojen lukumäärä: 5 <br> <a href="https://jisho.org/search/目%23kanji" target="_blank">目 Jisho-sanakirjassa</a>		*目*
耳	2	target	耳	ジ,みみ	みみ	korva	耳[みみ] (yleisyys: 1049.)	耳・みみ	korva							ダンボが耳が大きいです。	Dumbolla on isot korvat.						Merkin vetojen lukumäärä: 6 <br> <a href="https://jisho.org/search/耳%23kanji" target="_blank">耳 Jisho-sanakirjassa</a>		*耳*
手	2	target	手	シュ,ズ,て,て-,-て,た-	シュ、て	käsi	手[て] (yleisyys: 177.),相手[あいて] (yleisyys: 299.),選手[せんしゅ] (yleisyys: 800.),手続き[てつづき] (yleisyys: 1119.),手紙[てがみ] (yleisyys: 1336.)	手・て	käsi	手足・てあし	kädet ja jalat, raajat	選手・せんしゅ	urheilija			手を二かいたたいておじぎをします。	Taputa kaksi kertaa ja kumarra.	ゆきさんは手足がつめたいです。	Yukilla on kylmät kädet ja jalat.	スポーツ選手はたいへんですね。	Urheilijoilla on rankkaa.		Merkin vetojen lukumäärä: 4 <br> <a href="https://jisho.org/search/手%23kanji" target="_blank">手 Jisho-sanakirjassa</a>		*手*
龰	2	comp				pysähtyä (止, variaatio kun komponenttina alhaalla)																			
足	2	target	口龰	ソク,あし,た.りる,た.る,た.す	ソク、あし、た-りる	jalka, riittää	足[あし] (yleisyys: 636.),不足[ふそく] (yleisyys: 1498.),満足[まんぞく] (yleisyys: 1513.),足りる[たりる] (yleisyys: 2253.),足元[あしもと] (yleisyys: 3531.)	足・あし	jalka	足りる・たりる	riittää	〜足・そく	laskupääte sukka- ja kenkäpareille			ゆうさんは足がはやいです。	Yuu on nopea jaloistaan.	おかねは足りません。	Rahat eivät riitä.	ソックスの三足セットはやすいです。	3:n sukkaparin setti on halpa.		Merkin vetojen lukumäärä: 7 <br> <a href="https://jisho.org/search/足%23kanji" target="_blank">足 Jisho-sanakirjassa</a>		
本	2	target	木一	ホン、もと	ホン、もと	kirja; alkuperä	日本[にっぽん] (yleisyys: 78.),本当[ほんとう] (yleisyys: 248.),基本[きほん] (yleisyys: 367.),本[ほん] (yleisyys: 538.),本[ほん] (yleisyys: 539.)	本・ほん	kirja	〜本・ほん／ぼん／ぽん	pitkulaisten esineiden laskupääte	日本・にほん／にっぽん	Japani	本当・ほんとう	tosi	本をよむことがしゅみです。	Lukeminen on harrastukseni.	おやつはバナナ二本です。	Välipalani on kaksi banaania.	日本はじしんがおおいです。	Japanissa on paljon maanjäristyksiä.	そのおはなしは本当ですか。Onko tuo tarina tosi?	Merkin vetojen lukumäärä: 5 <br> <a href="https://jisho.org/search/本%23kanji" target="_blank">本 Jisho-sanakirjassa</a>	Tämän merkin kunyomi-lukutapa on もと, joka tarkoittaa alkuperää. Se on merkin vanhin merkitys: puu-merkkiin 木 on merkitty juuri, eli "puun alkuperä"	*本*
中	2	target	中	チュウ,なか,うち,あた.る	チュウ、ジュウ、なか	keskellä, sisällä	中[なか] (yleisyys: 82.),中[ちゅう] (yleisyys: 208.),中国[ちゅうごく] (yleisyys: 390.),中心[ちゅうしん] (yleisyys: 413.),中[ちゅう] (yleisyys: 729.)	中・なか	keskellä, sisällä	中学生・ちゅうがくせい	yläkoululainen	一日中・いちにちじゅう	koko päivän			リュックの中におかしがあります。	Repussa on herkkuja.	ぼくは中学生です。	Olen yläkoululainen.	一日中マンガをよみました。	Luin koko päivän mangaa.		Merkin vetojen lukumäärä: 4 <br> <a href="https://jisho.org/search/中%23kanji" target="_blank">中 Jisho-sanakirjassa</a>		*中*
言	2	comp	言	ゲン,ゴン,い.う,こと		puhua; sana	言う[いう] (yleisyys: 18.),言葉[ことば] (yleisyys: 222.),言語[げんご] (yleisyys: 1510.),発言[はつげん] (yleisyys: 1947.),一言[ひとこと] (yleisyys: 1994.)	言う・いう	sanoa	言葉・ことば？？？													Merkin vetojen lukumäärä: 7 <br> <a href="https://jisho.org/search/言%23kanji" target="_blank">言 Jisho-sanakirjassa</a>		*言*
語	2	target	言五口	ゴ,かた.る,かた.らう	ゴ	sana, kieli	語[ご] (yleisyys: 408.),語る[かたる] (yleisyys: 890.),英語[えいご] (yleisyys: 1185.),物語[ものがたり] (yleisyys: 1490.),言語[げんご] (yleisyys: 1510.)	日本語・にほんご	japanin kieli	何語・なにご	mikä kieli	言語・げんご	kieli			日本人は日本語をはなします。	Japanilaiset puhuvat japania.	フィンランドは何語ですか。	Mitä kieltä Suomessa puhutaan?	いろいろな言語をべんきょうします。	Opiskelen monenlaisia kieliä.		Merkin vetojen lukumäärä: 14 <br> <a href="https://jisho.org/search/語%23kanji" target="_blank">語 Jisho-sanakirjassa</a>		*語*
王	2	comp	王		おう	kuningas																			
玉	2	comp	丶王		たま	pallo; jalokivi																			
囗	2	comp	囗	イ,コク		aitaus																	Merkin vetojen lukumäärä: 3 <br> <a href="https://jisho.org/search/囗%23kanji" target="_blank">囗 Jisho-sanakirjassa</a>		
国	2	target	囗玉	くに,コク	コク、くに	valtio, maa		国・くに	maa, valtio	中国・ちゅうごく	Kiina	国語・こくご	äidinkieli (kouluaine)			お国は何ですか。	Mistä maasta olet kotoisin?	中国はどこですか。	Missä Kiina on?	きょうは国語のテストがあります。	Tänään on äidinkielen koe.				
丿	2	comp	丿	ヘツ,えい,よう		katakana no																	Merkin vetojen lukumäärä: 1 <br> <a href="https://jisho.org/search/丿%23kanji" target="_blank">丿 Jisho-sanakirjassa</a>	vain komponentti	
白	2	comp	丿日	ハク,ビャク,しろ,しら-,しろ.い	しろ、しろい	valkoinen	面白い[おもしろい] (yleisyys: 785.),白い[しろい] (yleisyys: 1045.),白[しろ] (yleisyys: 1053.),蛋白[たんぱく] (yleisyys: 2811.),告白[こくはく] (yleisyys: 4025.)	白い・しろい	valkoinen	白黒・しろくろ	mustavalkoinen					りんごのはなは白いです。	Omenankukat ovat valkoisia.	むかしのテレビは白黒でした。	Ennen vanhaan televisio(n kuva) oli mustavalkoinen.				Merkin vetojen lukumäärä: 5 <br> <a href="https://jisho.org/search/白%23kanji" target="_blank">白 Jisho-sanakirjassa</a>		*白*
百	2	target	一白	ヒャク,ビャク,もも	ヒャク、ビャク、ぴゃく	sata	九百[きゅうひゃく] (yleisyys: 119.),百[ひゃく] (yleisyys: 124.),二百[にひゃく] (yleisyys: 239.),五百[ごひゃく] (yleisyys: 341.),八百[はっぴゃく] (yleisyys: 349.)	百・ひゃく	sata							百円ショップはやすいです。	Sadan jenin kaupat ovat halpoja.						Merkin vetojen lukumäärä: 6 <br> <a href="https://jisho.org/search/百%23kanji" target="_blank">百 Jisho-sanakirjassa</a>		*百*
千	2	target	千	セン,ち	セン、ち	tuhat	千[せん] (yleisyys: 86.),二千[にせん] (yleisyys: 193.),三千[さんぜん] (yleisyys: 675.),五千[ごせん] (yleisyys: 799.),四千[よんせん] (yleisyys: 1136.)	千・せん	tuhat							千円さつはだれですか。	Kuka on tuhannen jenin setelissä?						Merkin vetojen lukumäärä: 3 <br> <a href="https://jisho.org/search/千%23kanji" target="_blank">千 Jisho-sanakirjassa</a>		*千*
万	2	target	万	マン,バン,よろず	マン	kymmenentuhatta	万[まん] (yleisyys: 117.)	万・まん	kymmenentuhatta							フィンランドの人口は五百六十万人ぐらいです。	Suomen väkiluku on 5,6 miljoonaa (japaniksi 560 x 10 000).						Merkin vetojen lukumäärä: 3 <br> <a href="https://jisho.org/search/万%23kanji" target="_blank">万 Jisho-sanakirjassa</a>		*万*
円	2	target	円	エン,まる.い,まる,まど,まど.か,まろ.やか	エン	jeni	円[えん] (yleisyys: 116.),円[えん] (yleisyys: 2823.),円滑[えんかつ] (yleisyys: 3738.)	円・えん	jeni	何円・なんえん	montako jeniä					日本人は一万円さつがだいすきです。	Japanilaiset pitävät kovasti 10 000 jenin setelistä.	かさ一本は何円ですか。	Montako jeniä maksaa yksi sateenvarjo?				Merkin vetojen lukumäärä: 4 <br> <a href="https://jisho.org/search/円%23kanji" target="_blank">円 Jisho-sanakirjassa</a>		*円*
火	3	target	火	カ,ひ,-び,ほ-	カ、ひ	tuli	火[ひ] (yleisyys: 1325.),火[か] (yleisyys: 2029.),火災[かさい] (yleisyys: 2842.),火山[かざん] (yleisyys: 4509.),花火[はなび] (yleisyys: 4892.)	火・ひ	tuli	火曜日・かようび	tiistai					キャンドルに火をつけます。	Sytytän kynttilän.	あしたは火曜日です。	Huomenna on tiistai.				Merkin vetojen lukumäärä: 4 <br> <a href="https://jisho.org/search/火%23kanji" target="_blank">火 Jisho-sanakirjassa</a>		*火*
水	3	target	水	スイ,みず,みず-	スイ、みず	vesi	水[みず] (yleisyys: 378.),水準[すいじゅん] (yleisyys: 1691.),水[すい] (yleisyys: 1956.),水[すい] (yleisyys: 2362.),水産[すいさん] (yleisyys: 2660.)	水・みず	(kylmä) vesi	水曜日・すいようび	keskiviikko					フィンランドの水はおいしいです。	Suomalainen vesi on hyvänmakuista.	水曜日にテニスをします。	Keskiviikkona pelaan tennistä.				Merkin vetojen lukumäärä: 4 <br> <a href="https://jisho.org/search/水%23kanji" target="_blank">水 Jisho-sanakirjassa</a>		*水*
木	3	target	木	ボク,モク,き,こ-	モク、き	puu	木[き] (yleisyys: 648.),木材[もくざい] (yleisyys: 4555.),木曜[もくよう] (yleisyys: 4908.)	木・き	puu	木曜日・もくようび	torstai					さるは木にのぼります。	Apina kiipeää puuhun.	木曜日にパンケーキをたべます。	Torstaina syödään pannukakkua.				Merkin vetojen lukumäärä: 4 <br> <a href="https://jisho.org/search/木%23kanji" target="_blank">木 Jisho-sanakirjassa</a>		*木*
金	3	target	金	キン,コン,ゴン,かね,かな-,-がね	キン、かね	kulta; metalli; raha	金[かね] (yleisyys: 454.),金[きん] (yleisyys: 466.),年金[ねんきん] (yleisyys: 750.),金融[きんゆう] (yleisyys: 831.),資金[しきん] (yleisyys: 847.)	お金・おかね	raha	金・きん	kulta	金曜日・きんようび	perjantai			お金はギリギリ足りました。	Rahat riittivät juuri ja juuri.	これは金のゆびわです。	Tämä on kultainen sormus.	しゅうまつは金曜日からはじまります。	Viikonloppu alkaa perjantaista.		Merkin vetojen lukumäärä: 8 <br> <a href="https://jisho.org/search/金%23kanji" target="_blank">金 Jisho-sanakirjassa</a>		*金*
土	3	target	土	ド,ト,つち	ド、つち	maa, maaperä	土地[とち] (yleisyys: 646.),土[ど] (yleisyys: 1281.),国土[こくど] (yleisyys: 2429.),土[つち] (yleisyys: 2515.),土曜[どよう] (yleisyys: 2586.)	土・つち	maa, maaperä	土曜日・どようび	lauantai					たねを土にうめる。	Kylvän siemenen maahan.	土日は土曜日と日曜日のことです。	Viikonloppu on lauantai ja sunnuntai.				Merkin vetojen lukumäärä: 3 <br> <a href="https://jisho.org/search/土%23kanji" target="_blank">土 Jisho-sanakirjassa</a>		*土*
入	3	target	入	ニュウ,ジュ,い.る,-い.る,-い.り,い.れる,-い.れ,はい.る	いり、い-れる、はい-る	mennä sisään	入る[はいる] (yleisyys: 152.),入れる[いれる] (yleisyys: 223.),購入[こうにゅう] (yleisyys: 872.),輸入[ゆにゅう] (yleisyys: 1112.),導入[どうにゅう] (yleisyys: 1180.)	入る・はいる	mennä sisään, tulla sisään	入れる・いれる	laittaa sisään	入口・いりぐち	sisäänkäynti			さきにお入り下さい	Menkää vain edeltä (kylpyyn).	ここにカードを入れてください。	Laittakaa kortti tähän (ohje laitteessa tms.)	入口はあそこです。	Sisäänkäynti on tuolla.		Merkin vetojen lukumäärä: 2 <br> <a href="https://jisho.org/search/入%23kanji" target="_blank">入 Jisho-sanakirjassa</a>		*入*
出	3	target	出	シュツ,スイ,で.る,-で,だ.す,-だ.す,い.でる,い.だす	で、で-る、だ-す	mennä ulos	出来る[できる] (yleisyys: 50.),出る[でる] (yleisyys: 110.),出す[だす] (yleisyys: 171.),思い出す[おもいだす] (yleisyys: 1034.),提出[ていしゅつ] (yleisyys: 1251.)	出る・でる	mennä ulos, tulla ulos	出す・だす	ottaa ulos	出口・でぐち	uloskäynti			はなみずが出る。	Nenä vuotaa (nenästä tulee räkää).	しゅくだいを出してください。	Ottakaa kotiläksyt esille ("ulos").	出口はどこですか。	Missä on uloskäynti?		Merkin vetojen lukumäärä: 5 <br> <a href="https://jisho.org/search/出%23kanji" target="_blank">出 Jisho-sanakirjassa</a>		*出*
門	3	comp	門	モン,かど,と	モン、かど	portti	専門[せんもん] (yleisyys: 743.),部門[ぶもん] (yleisyys: 1640.),門[もん] (yleisyys: 2145.)																Merkin vetojen lukumäärä: 8 <br> <a href="https://jisho.org/search/門%23kanji" target="_blank">門 Jisho-sanakirjassa</a>		
聞	3	target	門耳	ブン,モン,き.く,き.こえる	ブン、き-く、き-こえる	kuulla; kuunnella; kysyä	聞く[きく] (yleisyys: 135.),新聞[しんぶん] (yleisyys: 664.),聞こえる[きこえる] (yleisyys: 1048.)	聞く・きく	kuulla; kuunnella; kysyä	聞こえる・きこえる	kuulua	新聞・しんぶん	sanomalehti			ちゃんと聞いてください。	Kuunnelkaa tarkasti.	もしもし、聞こえますか？	Haloo, kuuluko?	あさ、新聞をよみます。	Luen aamuisin sanomalehteä.	ちょっと聞いてもいいですか。　Voinko kysyä jotakin?	Merkin vetojen lukumäärä: 14 <br> <a href="https://jisho.org/search/聞%23kanji" target="_blank">聞 Jisho-sanakirjassa</a>		*聞*
見	3	target	目儿	ケン,み.る,み.える,み.せる	ケン、み-る、み-える、み-せる	nähdä; näkyä; katsoa	見る[みる] (yleisyys: 47.),見える[みえる] (yleisyys: 241.),見せる[みせる] (yleisyys: 562.),意見[いけん] (yleisyys: 642.),発見[はっけん] (yleisyys: 980.)	見る・みる	nähdä; katsoa; kokeilla	見える・みえる	näkyä	見せる・みせる	näyttää	意見・いけん	mielipide	しゅみはユーチューブを見ることです。	Harrastukseni on Youtuben katsominen.	うみが見えますか。	Näkyykö meri?	こたえを見せます。	Näytän vastauksen.	意見はありますか。　Onko mielipiteitä?	Merkin vetojen lukumäärä: 7 <br> <a href="https://jisho.org/search/見%23kanji" target="_blank">見 Jisho-sanakirjassa</a>		*見*
来	3	target	来	ライ,タイ,く.る,きた.る,きた.す,き.たす,き.たる,き,こ	ライ、く-る	tulla; seuraava	来る[くる] (yleisyys: 43.),出来る[できる] (yleisyys: 50.),将来[しょうらい] (yleisyys: 1031.),以来[いらい] (yleisyys: 1179.),従来[じゅうらい] (yleisyys: 1389.)	来る・くる	tulla	来月・らいげつ	ensi kuu	来年・らいねん	ensi vuosi			何時に来ますか。	Mihin aikaan tulet?	ははの日は来月です。	Äitienpäivä on ensi kuussa.	来年二十才になります。	Täytän ensi vuonna 20 vuotta.		Merkin vetojen lukumäärä: 7 <br> <a href="https://jisho.org/search/来%23kanji" target="_blank">来 Jisho-sanakirjassa</a>		*来*
丁	3	comp	丁	チョウ,テイ,チン,トウ,チ,ひのと		katu, kortteli	丁度[ちょうど] (yleisyys: 1460.),丁目[ちょうめ] (yleisyys: 2709.),丁寧[ていねい] (yleisyys: 3051.)																Merkin vetojen lukumäärä: 2 <br> <a href="https://jisho.org/search/丁%23kanji" target="_blank">丁 Jisho-sanakirjassa</a>		
亍	3	comp	一丁	チョク,たたず.む		ottaa pieniä askelia																	Merkin vetojen lukumäärä: 3 <br> <a href="https://jisho.org/search/亍%23kanji" target="_blank">亍 Jisho-sanakirjassa</a>		
彳	3	comp	彳	テキ,たたず.む		kävelevä ihminen																	Merkin vetojen lukumäärä: 3 <br> <a href="https://jisho.org/search/彳%23kanji" target="_blank">彳 Jisho-sanakirjassa</a>		
行	3	target	彳亍	コウ,ギョウ,アン,い.く,ゆ.く,-ゆ.き,-ゆき,-い.き,-いき,おこな.う,おこ.なう	コウ、い-く	mennä	行く[いく] (yleisyys: 48.),行う[おこなう] (yleisyys: 112.),行動[こうどう] (yleisyys: 576.),行為[こうい] (yleisyys: 617.),銀行[ぎんこう] (yleisyys: 674.)	行く・いく	mennä	旅行・りょこう	matka					パーティーにいっしょに行く？	Mennäänkö yhdessä juhliin?	日本のどこへ旅行する？	Mihin matkustat Japanissa?				Merkin vetojen lukumäärä: 6 <br> <a href="https://jisho.org/search/行%23kanji" target="_blank">行 Jisho-sanakirjassa</a>		*行*
舌	3	comp	舌	ゼツ,した	ゼツ、した	kieli (suussa)	舌[した] (yleisyys: 3403.)																Merkin vetojen lukumäärä: 6 <br> <a href="https://jisho.org/search/舌%23kanji" target="_blank">舌 Jisho-sanakirjassa</a>		
女	4	target	女	ジョ,ニョ,ニョウ,おんな,め	ジョ、おんな	nainen	彼女[かのじょ] (yleisyys: 217.),女性[じょせい] (yleisyys: 264.),女[おんな] (yleisyys: 307.),女子[じょし] (yleisyys: 1442.),女の子[おんなのこ] (yleisyys: 1465.)	女の人・おんなのひと	nainen	女の子・おんなのこ	tyttö	女性・じょせい	naishenkilö, naispuolinen			その女の人はいしゃです。	Se nainen on lääkäri	あの女の子は会話がじょうず。	Tuo tyttö on taitava keskustelemaan.	女性はおいわいにふりそでをきます。	Naiset pukeutuvat juhlatilanteissa juhlakimonoon.		Merkin vetojen lukumäärä: 3 <br> <a href="https://jisho.org/search/女%23kanji" target="_blank">女 Jisho-sanakirjassa</a>		*女*
力	4	comp	力	リョク,リキ,リイ,ちから	リョク,リキ,ちから	voima	力[りょく] (yleisyys: 306.),力[ちから] (yleisyys: 441.),協力[きょうりょく] (yleisyys: 597.),能力[のうりょく] (yleisyys: 752.),努力[どりょく] (yleisyys: 933.)																Merkin vetojen lukumäärä: 2 <br> <a href="https://jisho.org/search/力%23kanji" target="_blank">力 Jisho-sanakirjassa</a>		
田	4	comp	田	デン,た	デン,た	riisipelto	田舎[いなか] (yleisyys: 3643.),豊田[とよた] (yleisyys: 4044.)																Merkin vetojen lukumäärä: 5 <br> <a href="https://jisho.org/search/田%23kanji" target="_blank">田 Jisho-sanakirjassa</a>		
男	4	target	田力	ダン,ナン,おとこ,お	ダン、おとこ	mies	男[おとこ] (yleisyys: 209.),男性[だんせい] (yleisyys: 708.),男女[だんじょ] (yleisyys: 1691.),男子[だんし] (yleisyys: 2273.),男の子[おとこのこ] (yleisyys: 2645.)	男の人・おとこのひと	mies	男の子・おとこのこ	poika	男性・だんせい	mieshenkilö, miespuolinen	男女・だんじょ	miehet ja naiset	きのう、ゆうめいな男の人を見ました。	Näin eilen kuuluisan miehen.	あの男の子ボタンがおちています。	Tuolta pojalta puuttuu nappi.	学ランは男性の制服です。	Gakuran on poikien koulupuku.	ロックは男女ににんきがあります。Rock-musiikki on sekä miesten että naisten suosiossa.	Merkin vetojen lukumäärä: 7 <br> <a href="https://jisho.org/search/男%23kanji" target="_blank">男 Jisho-sanakirjassa</a>		*男*
子	4	target	子	シ,ス,ツ,こ,-こ,ね	シ、こ	lapsi	子供[こども] (yleisyys: 149.),子[こ] (yleisyys: 289.),様子[ようす] (yleisyys: 846.),息子[むすこ] (yleisyys: 1113.),原子[げんし] (yleisyys: 1294.)	子ども・こども	lapsi	男子・だんし	poika	女子・じょし	tyttö			子どもはそとであそんでいます。	Lapset leikkivät ulkona.	がっこうの男子トイレはどこですか。	Missä koulun poikien vessa on?	いもうとは女子こうこうにかよっています。	Pikkusiskoni käy tyttölukiota.		Merkin vetojen lukumäärä: 3 <br> <a href="https://jisho.org/search/子%23kanji" target="_blank">子 Jisho-sanakirjassa</a>		*子*
好	4	target	女子	コウ,この.む,す.く,よ.い,い.い	この-む、す-き	pitää jostakin; mieluinen	好き[すき] (yleisyys: 353.),格好[かっこう] (yleisyys: 1527.),大好き[だいすき] (yleisyys: 2015.),好み[このみ] (yleisyys: 2579.),好む[このむ] (yleisyys: 3349.)	好き・すき	pitää jostakin, mieluinen	大好き・だいすき	pitää paljon jstkin, rakastaa, erittäin mieluinen	お好み焼き・おこのみやき	okonomiyaki (japanilainen ruokalaji)			好きなどうぶつは何ですか。	Mistä eläimestä pidät?	子どもはあまいものが大好きです。	Lapset rakastavat makeaa.	お好み焼きはかんたんす。	Okonomiyaki on helppoa tehdä.		Merkin vetojen lukumäärä: 6 <br> <a href="https://jisho.org/search/好%23kanji" target="_blank">好 Jisho-sanakirjassa</a>		*好*
厶	4	comp	厶	シ,ボウ,ム,わたくし,ござ.る		mu-radikaali (ム)																	Merkin vetojen lukumäärä: 2 <br> <a href="https://jisho.org/search/厶%23kanji" target="_blank">厶 Jisho-sanakirjassa</a>		
禾	4	comp	禾	カ,いね		vilja																	Merkin vetojen lukumäärä: 5 <br> <a href="https://jisho.org/search/禾%23kanji" target="_blank">禾 Jisho-sanakirjassa</a>		
私	4	target	禾厶	シ,わたくし,わたし	シ、わたし	minä; yksityinen	私[わたくし] (yleisyys: 54.),私[わたし] (yleisyys: 182.),私立[しりつ] (yleisyys: 4782.)	私・わたし	minä	私立・しりつ	yksityinen					私がいちばん足がはやいです！	Juuri minä olen kaikkein nopein!	日本は私立だいがくとこうりつだいがくがあります。	Japanissa on yksityisiä ja julkisia yliopistoja.				Merkin vetojen lukumäärä: 7 <br> <a href="https://jisho.org/search/私%23kanji" target="_blank">私 Jisho-sanakirjassa</a>		*私*
又	4	comp	又	ユウ,また,また-,また.の-		oikea käsi; jälleen	又[また] (yleisyys: 84.),又[また] (yleisyys: 297.)																Merkin vetojen lukumäärä: 2 <br> <a href="https://jisho.org/search/又%23kanji" target="_blank">又 Jisho-sanakirjassa</a>		
𠂇	4	comp	𠂇			käsi																			
友	4	target	𠂇又	ユウ,とも	ユウ、とも	ystävä	友達[ともだち] (yleisyys: 739.),友人[ゆうじん] (yleisyys: 1044.),友[とも] (yleisyys: 3907.)	友だち・ともだち	ystävä	親友・しんゆう	sydänystävä					友だちはだいじ！	Ystävät ovat tärkeitä!	親友とは何でも話すことができる。	Sydänystävän kanssa voi puhua mistä tahansa.				Merkin vetojen lukumäärä: 4 <br> <a href="https://jisho.org/search/友%23kanji" target="_blank">友 Jisho-sanakirjassa</a>		
白	4	target	丿日	ハク,ビャク,しろ,しら-,しろ.い	しろ-い	valkoinen	面白い[おもしろい] (yleisyys: 785.),白い[しろい] (yleisyys: 1045.),白[しろ] (yleisyys: 1053.),蛋白[たんぱく] (yleisyys: 2811.),告白[こくはく] (yleisyys: 4025.)	白い・しろい	valkoinen							りんごのはなは白いです。	Omenankukat ovat valkoisia.						Merkin vetojen lukumäärä: 5 <br> <a href="https://jisho.org/search/白%23kanji" target="_blank">白 Jisho-sanakirjassa</a>	On-yomi: Haku/Byaku -> esim. sanassa joutsen: はくちょう、　yötön yö: びゃくや	*白*
灬	4	comp	灬	ヒョウ,カ	ヒョウ,カ	tuli-merkin (火) variantti, kun komponentti esiintyy merkin alaosana																	Merkin vetojen lukumäärä: 4 <br> <a href="https://jisho.org/search/灬%23kanji" target="_blank">灬 Jisho-sanakirjassa</a>	vain komponentti	
黒	4	target	田土灬	コク,くろ,くろ.ずむ,くろ.い	くろ-い	musta	黒[くろ] (yleisyys: 1003.),黒い[くろい] (yleisyys: 1835.),黒人[こくじん] (yleisyys: 4415.)	黒い・くろい	musta	白黒・しろくろ	mustavalkoinen					黒い色は好きじゃないです。	En pidä mustasta väristä.	むかしのテレビは白黒でした。	Ennen vanhaan televisio(n kuva) oli mustavalkoinen.				Merkin vetojen lukumäärä: 11 <br> <a href="https://jisho.org/search/黒%23kanji" target="_blank">黒 Jisho-sanakirjassa</a>		*黒*
赤	4	target	赤	セキ,シャク,あか,あか-,あか.い,あか.らむ,あか.らめる	あか-い	punainen	赤い[あかい] (yleisyys: 1555.),赤[あか] (yleisyys: 1793.),赤ちゃん[あかちゃん] (yleisyys: 2303.),赤字[あかじ] (yleisyys: 3097.),真っ赤[まっか] (yleisyys: 4807.)	赤い・あかい	punainen	赤ちゃん・あかちゃん	vauva					赤しんごうはとまれ。	Pysähdy punaisella liikennevalolla.	赤ちゃんは生まれるときみな赤いです。	Kaikki vauvat ovat syntyessään punaisia.				Merkin vetojen lukumäärä: 7 <br> <a href="https://jisho.org/search/赤%23kanji" target="_blank">赤 Jisho-sanakirjassa</a>		*赤*
龶	4	comp	龶			"merkin 青 yläosa" (ei erillistä nimeä)																			
青	4	target	龶月	セイ,ショウ,あお,あお-,あお.い	セイ、あお-い	sininen, vihreä	青年[せいねん] (yleisyys: 2022.),青い[あおい] (yleisyys: 2601.),青[あお] (yleisyys: 3205.),青少年[せいしょうねん] (yleisyys: 3227.)	青い・あおい	sininen, vihreä	青年・せいねん	nuori; nuori mies					青しんごうはすすめ。	Mene eteenpäin vihreällä (sinisellä) liikennevalolla.	メタルが好きな青年はけしょうをする。	Hevistä tykkäävä nuorukainen meikkaa.				Merkin vetojen lukumäärä: 8 <br> <a href="https://jisho.org/search/青%23kanji" target="_blank">青 Jisho-sanakirjassa</a>	Tilanteesta riippuen 青い on suomeksi joko 'sininen' tai 'vihreä': sininen taivas on 青い, mutta niin ovat myös vihreät omenat ja vihreä liikennevalo.	*青*
色	4	target	色	ショク,シキ,いろ	いろ	väri	色[いろ] (yleisyys: 558.),色々[いろいろ] (yleisyys: 707.),色々[いろいろ] (yleisyys: 921.),色んな[いろんな] (yleisyys: 1542.),色[しょく] (yleisyys: 2658.)	色・いろ	väri	金色・きんいろ	kullanvärinen	何色・なにいろ	minkä värinen			明るい色が好きです。	Pidän kirkkaista väreistä.	金色のスニーカーがほしい。	Haluan kullanväriset lenkkarit.	ゆきさんのでんわは何色ですか。	Minkä värinen puhelin Yukilla on?		Merkin vetojen lukumäärä: 6 <br> <a href="https://jisho.org/search/色%23kanji" target="_blank">色 Jisho-sanakirjassa</a>		*色*
¤	4	comp	¤			"koulun katto"																			
学	4	target	¤子	ガク,まな.ぶ	ガク	opiskella	学校[がっこう] (yleisyys: 227.),大学[だいがく] (yleisyys: 318.),学[がく] (yleisyys: 521.),科学[かがく] (yleisyys: 782.),学習[がくしゅう] (yleisyys: 1062.)	学校・がっこう	koulu	大学・だいがく	yliopisto, korkeakoulu	学生・がくせい	opiskelija			学校にかよいます。	Käyn koulua.	大学に入るのはたいへんですか。	Onko yliopistoon pääseminen työlästä?	びじゅつかんの学生わりびきは20％です。	Taidemuseon opiskelija-alennus on 20%.		Merkin vetojen lukumäärä: 8 <br> <a href="https://jisho.org/search/学%23kanji" target="_blank">学 Jisho-sanakirjassa</a>		*学*
父	4	comp	父	フ,ちち	フ、ちち	isä	父[ちち] (yleisyys: 554.),父親[ちちおや] (yleisyys: 1372.),伯父[おじ] (yleisyys: 1528.),父[とう] (yleisyys: 1611.),親父[おやじ] (yleisyys: 2817.)																Merkin vetojen lukumäärä: 4 <br> <a href="https://jisho.org/search/父%23kanji" target="_blank">父 Jisho-sanakirjassa</a>		
交	4	comp	亠父	コウ,まじ.わる,まじ.える,ま.じる,まじ.る,ま.ざる,ま.ぜる,-か.う,か.わす,かわ.す,こもごも	コウ、ま-じる	sekoittaa	交通[こうつう] (yleisyys: 684.),交換[こうかん] (yleisyys: 1240.),交流[こうりゅう] (yleisyys: 1423.),交渉[こうしょう] (yleisyys: 1727.),交付[こうふ] (yleisyys: 2134.)																Merkin vetojen lukumäärä: 6 <br> <a href="https://jisho.org/search/交%23kanji" target="_blank">交 Jisho-sanakirjassa</a>		
校	4	target	木交	コウ,キョウ	コウ	koulu	学校[がっこう] (yleisyys: 227.),高校[こうこう] (yleisyys: 934.),校[こう] (yleisyys: 2991.),校長[こうちょう] (yleisyys: 4397.),登校[とうこう] (yleisyys: 4888.)	小学校・しょうがっこう	alakoulu	中学校・ちゅうがっこう	yläkoulu	高校・こうこう	lukio			あの白いビルは小学校です。	Tuo valkoinen rakennus on alakoulu.	この中学校は高い私立学校です。	Tämä yläkoulu on kallis yksityiskoulu.	この高校のせいふくはブレジャーです。	Tämän lukion koulupukuna on bleiseri.		Merkin vetojen lukumäärä: 10 <br> <a href="https://jisho.org/search/校%23kanji" target="_blank">校 Jisho-sanakirjassa</a>		*校*
冂	4	comp			キョウ、 ケイ 	ylösalaisin käännetty rasia																			
高	4	target	冂		コウ、たか-い	kallis; korkea		高い・たかい	kallis; korkea							日本はくだものは高いですがおかしはやすいです。	Japanissa hedelmät ovat kalliita, mutta herkut halpoja.	とうきょうスカイツリーは日本のいちばん高いビルです。	Tokyo Skytree on Japanin korkein rakennus.						
儿	4	comp	儿	ジン,ニン,がい		ihmisjalat																	Merkin vetojen lukumäärä: 2 <br> <a href="https://jisho.org/search/儿%23kanji" target="_blank">儿 Jisho-sanakirjassa</a>		
⺧	4	comp	⺧			lehmä-merkin 牛 variantti																			
先	4	target	⺧儿	セン,さき,ま.ず	セン、さき	edellä; aikaisempi	先[さき] (yleisyys: 288.),先ず[まず] (yleisyys: 315.),先生[せんせい] (yleisyys: 320.),先程[さきほど] (yleisyys: 1267.),先日[せんじつ] (yleisyys: 2190.)	先・さき	edeltä, aikaisempi	先生・せんせい	opettaja; kunnioittava titteli	先月・せんげつ	viime kuu			お先にしつれいします。	Anteeksi, että lähden edeltä.	みやざき先生はえいがをいっぱいつくっています。	Mestari Miyazaki on tehnyt paljon elokuvia.	先月あめがたくさんふりました。	Viime kuussa satoi paljon.		Merkin vetojen lukumäärä: 6 <br> <a href="https://jisho.org/search/先%23kanji" target="_blank">先 Jisho-sanakirjassa</a>		*先*
上	4	target	上	ジョウ,ショウ,シャン,うえ,-うえ,うわ-,かみ,あ.げる,-あ.げる,あ.がる,-あ.がる,あ.がり,-あ.がり,のぼ.る,のぼ.り,のぼ.せる,のぼ.す,たてまつ.る	ジョウ、うえ、あ-がる、あ-げる	yllä, ylös	上[うえ] (yleisyys: 167.),以上[いじょう] (yleisyys: 178.),上げる[あげる] (yleisyys: 229.),上[じょう] (yleisyys: 308.),上がる[あがる] (yleisyys: 838.)	上・うえ	yläpuoli, ylä-	上がる・あがる	nousta	上げる・あげる	nostaa	上手・じょうず*	taitava	つくえの上にトラがいます。	Pöydän päällä on tiikeri.	このエレベーターはおくじょうまで上がりますか。	Meneekö (nouseeko) tämä hissi kattokerrokseen asti?	おとしたものをあげてください。	Nosta pudottamasi asia, ole hyvä!	日本語お上手ですね。Oletpa hyvä japanissa.	Merkin vetojen lukumäärä: 3 <br> <a href="https://jisho.org/search/上%23kanji" target="_blank">上 Jisho-sanakirjassa</a>		*上*
下	4	target	下	カ,ゲ,した,しも,もと,さ.げる,さ.がる,くだ.る,くだ.り,くだ.す,-くだ.す,くだ.さる,お.ろす,お.りる	した、さ-げる、さ-がる、く-ださい	alla, alas	下さる[くださる] (yleisyys: 125.),下[した] (yleisyys: 469.),以下[いか] (yleisyys: 485.),下[もと] (yleisyys: 855.),下りる[おりる] (yleisyys: 1343.)	下・した	alapuoli, ala-	下がる・さがる	laskeutua	下げる・さげる 	laskea alas	下手・へた*	taitamaton	木の下にちょっとやすんだ。	Lepäsin vähän puun alla.	なつにはやさいのねだんが下がる。	Kesällä vihannesten hinta laskee.	カーテンを下げてください。	Laskisitko verhot alas.	いいえ、いいえ、まだ下手です。Ei lainkaan, olen vielä ihan huono. (hyvä vastaus kehuihin)	Merkin vetojen lukumäärä: 3 <br> <a href="https://jisho.org/search/下%23kanji" target="_blank">下 Jisho-sanakirjassa</a>	Ilmaus ~ください 'saisinko' voidaan kirjoittaa 下さい, ja voidaan ajatella että se on kohtelias pyyntö "antaisitteko alas (sieltä kunnioitettavista korkeuksistanne)". Kanjia käytetään, kun sana esiintyy itsenäisesti (esim. りんごを下さい), mutta kun sana on sanaliitossa se kirjoitetaan hiraganalla (esim. 言ってください).	*下*
古	4	target	十口	コ,ふる.い,ふる-,-ふる.す	コ、ふる-い	vanha	古い[ふるい] (yleisyys: 1190.),古代[こだい] (yleisyys: 2464.),古典[こてん] (yleisyys: 4049.),稽古[けいこ] (yleisyys: 4502.),古墳[こふん] (yleisyys: 4728.)	古い・ふるい	vanha	中古・ちゅうこ	käytetty					ヘルシンキ大学はフィンランドのいちばん古い大学です。	Helsingin yliopisto on Suomen vanhin yliopisto.	このカメラは中古ですよ。	Tämä kamera on ostettu käytettynä.				Merkin vetojen lukumäärä: 5 <br> <a href="https://jisho.org/search/古%23kanji" target="_blank">古 Jisho-sanakirjassa</a>	Sanaa 古い ei käytetä ihmisistä! Jos halutaan sanoa "vanha ihminen", voidaan käyttää ilmaisua 年(とし)をとった人.	*古*
斤	4	comp	斤	キン	キン	kirves																	Merkin vetojen lukumäärä: 4 <br> <a href="https://jisho.org/search/斤%23kanji" target="_blank">斤 Jisho-sanakirjassa</a>		
立	4	comp	立	リツ,リュウ,リットル,た.つ,-た.つ,た.ち-,た.てる,-た.てる,た.て-,たて-,-た.て,-だ.て,-だ.てる	た-つ	nousta, seistä	立つ[たつ] (yleisyys: 384.),立てる[たてる] (yleisyys: 699.),立場[たちば] (yleisyys: 970.),成立[せいりつ] (yleisyys: 1316.),独立[どくりつ] (yleisyys: 1475.)																Merkin vetojen lukumäärä: 5 <br> <a href="https://jisho.org/search/立%23kanji" target="_blank">立 Jisho-sanakirjassa</a>		
亲	4	comp	亲			puuhun kiivennyt ihminen																		vain komponentti	
新	4	target	亲斤	シン,あたら.しい,あら.た,あら-,にい-	シン、あたら-しい	uusi	新しい[あたらしい] (yleisyys: 388.),新[しん] (yleisyys: 451.),新聞[しんぶん] (yleisyys: 664.),新た[あらた] (yleisyys: 920.),更新[こうしん] (yleisyys: 2114.)	新しい・あたらしい	uusi	新年・しんねん	uusivuosi	新聞・しんぶん	sanomalehti			新しいスマートフォンがほしいです。	Haluan uuden puhelimen.	「あけましておめでとうございます」は新年のあいさつです。	"あけましておめでとうございます" on uudenvuoden tervehdys.		新聞きしゃはレポーターともよびます。	Sanomalehtitoimittajia kutsutaan myös reporttereiksi.	Merkin vetojen lukumäärä: 13 <br> <a href="https://jisho.org/search/新%23kanji" target="_blank">新 Jisho-sanakirjassa</a>		*新*
明	4	target	日月	メイ,ミョウ,ミン,あ.かり,あか.るい,あか.るむ,あか.らむ,あき.らか,あ.ける,-あ.け,あ.く,あ.くる,あ.かす	あか-るい	kirkas, valoisa	説明[せつめい] (yleisyys: 374.),明らか[あきらか] (yleisyys: 732.),明日[あす] (yleisyys: 910.),明治[めいじ] (yleisyys: 1038.),明るい[あかるい] (yleisyys: 1374.)	明るい・あかるい	kirkas, valoisa; iloinen	明日・あした*	huominen					あねは明るくて、げんきがいいです。	Isosiskoni on hyväntuulinen ja terve.	明日は明日のかぜがふきます。	Huomenna tuulee huomisen tuulet. (Älä huolehdi huomisesta.)				Merkin vetojen lukumäärä: 8 <br> <a href="https://jisho.org/search/明%23kanji" target="_blank">明 Jisho-sanakirjassa</a>		*明*
音	4	target	立日	オン,イン,-ノン,おと,ね	オン、おと	ääni	音[おと] (yleisyys: 572.),音楽[おんがく] (yleisyys: 849.),音[おん] (yleisyys: 3470.),音声[おんせい] (yleisyys: 4341.),録音[ろくおん] (yleisyys: 4373.)	音・おと	ääni							となりのへやで大きな音がしました。	Viereisestä huoneesta kuului kovaa ääntä.						Merkin vetojen lukumäärä: 9 <br> <a href="https://jisho.org/search/音%23kanji" target="_blank">音 Jisho-sanakirjassa</a>		*音*
暗	4	target	日音	アン,くら.い,くら.む,くれ.る	アン、くら-い	pimeä, hämärä; synkkä	暗い[くらい] (yleisyys: 1796.)	暗い・くらい	pimeä; synkkä	暗記する・あんきする	opetella ulkoa					フィンランドでいつがいちばん暗いですか。	Milloin Suomessa on kaikista pimeintä?	このページかんじは暗記してください。	Opettele tämän sivun kanjit ulkoa.				Merkin vetojen lukumäärä: 13 <br> <a href="https://jisho.org/search/暗%23kanji" target="_blank">暗 Jisho-sanakirjassa</a>		*暗*
&	4	comp	&			purkautuneet langat																		vain komponentti	
楽	4	target	&CDP-89AE;白木	ガク,ラク,ゴウ,たの.しい,たの.しむ,この.む	ガク、ラク、たの-しい	musiikki; kiinnostava; mukava, hauska, iloinen; mukava, helppo	楽しい[たのしい] (yleisyys: 746.),楽しむ[たのしむ] (yleisyys: 792.),音楽[おんがく] (yleisyys: 849.),楽しみ[たのしみ] (yleisyys: 1760.),楽[らく] (yleisyys: 1928.)	楽しい・たのしい	kiinnostava; hauska, mukava	楽な・らくな	mukava; helppo	音楽・おんがく	musiikki			音楽のクラスは楽しいです。	Musiikkitunneilla on hauskaa.	ゆったりしたふくのほうが楽だ。	Löysät vaatteet ovat mukavammat.	どんな音楽が好きですか。	Millaisesta musiikista pidät?		Merkin vetojen lukumäärä: 13 <br> <a href="https://jisho.org/search/楽%23kanji" target="_blank">楽 Jisho-sanakirjassa</a>		*楽*
丶	4	comp	丶	チュ		pilkku																	Merkin vetojen lukumäärä: 1 <br> <a href="https://jisho.org/search/丶%23kanji" target="_blank">丶 Jisho-sanakirjassa</a>		
艮	4	comp	艮	コン,ゴン,うしとら		hyvä (komponenttina)																	Merkin vetojen lukumäärä: 6 <br> <a href="https://jisho.org/search/艮%23kanji" target="_blank">艮 Jisho-sanakirjassa</a>		
食	4	target	艮𠆢丶	ショク,ジキ,く.う,く.らう,た.べる,は.む	ショク、たべ-る	syödä; ruoka	食べる[たべる] (yleisyys: 266.),食事[しょくじ] (yleisyys: 907.),食[しょく] (yleisyys: 1487.),食品[しょくひん] (yleisyys: 1658.),食う[くう] (yleisyys: 1725.)	食べる・たべる	syödä	食べ物・たべもの	ruoka					にんじんも食べてください。	Syö myös porkkanat.	好きな食べ物は何ですか。	Mistä ruuista tykkäät?				Merkin vetojen lukumäärä: 9 <br> <a href="https://jisho.org/search/食%23kanji" target="_blank">食 Jisho-sanakirjassa</a>		*食*
欠	4	comp	欠	ケツ,ケン,か.ける,か.く		puuttua; haukotella	不可欠[ふかけつ] (yleisyys: 3573.),欠ける[かける] (yleisyys: 4013.),欠かす[かかす] (yleisyys: 4172.)																Merkin vetojen lukumäärä: 4 <br> <a href="https://jisho.org/search/欠%23kanji" target="_blank">欠 Jisho-sanakirjassa</a>		
飠	4	comp	食			syödä; ruoka (variaatio kun komponenttina)																	Merkin vetojen lukumäärä: 9 <br> <a href="https://jisho.org/search/飠%23kanji" target="_blank">飠 Jisho-sanakirjassa</a>		
飲	4	target	飠欠	イン,オン,の.む,-の.み	イン、の-む	juoda	飲む[のむ] (yleisyys: 424.),飲み込む[のみこむ] (yleisyys: 4569.)	飲む・のむ	juoda	飲み物・のみもの	juoma	飲食・いんしょく	syöminen ja juominen			ラムネは飲んだことありますか。	Oletko juonut Ramunea?	カルピスは白くてあまい飲み物です。	Calpis on valkoinen, makea juoma.	飲食きんし！	Syöminen ja juominen kielletty!		Merkin vetojen lukumäärä: 12 <br> <a href="https://jisho.org/search/飲%23kanji" target="_blank">飲 Jisho-sanakirjassa</a>		
乍	4	comp	乍	サ,サク,-なが.ら,たちま.ち		kuitenkin																	Merkin vetojen lukumäärä: 5 <br> <a href="https://jisho.org/search/乍%23kanji" target="_blank">乍 Jisho-sanakirjassa</a>		
作	4	target	亻乍	サク,サ,つく.る,つく.り,-づく.り	サク、つく-る	tehdä	作る[つくる] (yleisyys: 155.),作品[さくひん] (yleisyys: 566.),作業[さぎょう] (yleisyys: 697.),作成[さくせい] (yleisyys: 749.),作り[つくり] (yleisyys: 1066.)	作る・つくる	tehdä	作文・さくぶん	ainekirjoitus					ちちがひるごはんを作る。	Isä tekee lounasta.	作文のしめきりは明日。	Ainekirjoituksen palautuspäivä on huomenna.				Merkin vetojen lukumäärä: 7 <br> <a href="https://jisho.org/search/作%23kanji" target="_blank">作 Jisho-sanakirjassa</a>		
魚	4	target	魚	ギョ,うお,さかな,-ざかな	ギョ、さかな	kala	魚[さかな] (yleisyys: 1575.)	魚・さかな	kala	金魚・きんぎょ	kultakala					肉より魚のほうが好きです。	Pidän enemmän kalasta kuin lihasta.	金魚は食べてもいいです。	Voiko kultakalaa syödä?				Merkin vetojen lukumäärä: 11 <br> <a href="https://jisho.org/search/魚%23kanji" target="_blank">魚 Jisho-sanakirjassa</a>		*魚*
牛	5	target	牛	ギュウ,うし	ギュウ、うし	lehmä, nauta	牛[うし] (yleisyys: 3102.),牛乳[ぎゅうにゅう] (yleisyys: 3596.)	牛・うし	lehmä; härkä; nauta	牛乳・ぎゅうにゅう	lehmänmaito					牛はモーといいます。	Lehmä sanoo ammuu.	牛にゅうはおいしくないです。	Maito ei ole hyvänmakuista.				Merkin vetojen lukumäärä: 4 <br> <a href="https://jisho.org/search/牛%23kanji" target="_blank">牛 Jisho-sanakirjassa</a>		*牛*
肉	4	target	肉	ニク,しし	ニク	liha	肉[にく] (yleisyys: 1661.),筋肉[きんにく] (yleisyys: 2635.),肉体[にくたい] (yleisyys: 2896.)	肉・にく	liha	牛肉・ぎゅうにく	naudanliha					ベジタリアンだから、お肉は食べません。	En syö lihaa koska olen kasvissyöjä.	すきやきを作るのに牛肉をうすくきります。	Sukiyakin tekemistä varten naudanliha leikataan ohueksi.				Merkin vetojen lukumäärä: 6 <br> <a href="https://jisho.org/search/肉%23kanji" target="_blank">肉 Jisho-sanakirjassa</a>		*肉*
朩	4	comp	朩			puu, jonka juuret ovat irti																		vain komponentti	
艹	4	comp	艹			ruoho																	Merkin vetojen lukumäärä: 6 <br> <a href="https://jisho.org/search/艹%23kanji" target="_blank">艹 Jisho-sanakirjassa</a>		
茶	4	target	艹𠆢朩	チャ,サ	チャ	tee	茶[ちゃ] (yleisyys: 1422.),喫茶[きっさ] (yleisyys: 4844.)	お茶・おちゃ	vihreä tee							お茶はいかがですか。	Saisiko olla vihreää teetä?						Merkin vetojen lukumäärä: 9 <br> <a href="https://jisho.org/search/茶%23kanji" target="_blank">茶 Jisho-sanakirjassa</a>		
云	4	comp	二厶	ウン,い.う,ここに		sanoa																	Merkin vetojen lukumäärä: 4 <br> <a href="https://jisho.org/search/云%23kanji" target="_blank">云 Jisho-sanakirjassa</a>		
𠆢	4	comp	𠆢			ihminen (人, variaatio kun komponenttina ylhäällä)																	Merkin vetojen lukumäärä: 2 <br> <a href="https://jisho.org/search/𠆢%23kanji" target="_blank">𠆢 Jisho-sanakirjassa</a>		
会	4	target	𠆢云	カイ,エ,あ.う,あ.わせる,あつ.まる	カイ、あ-う	tavata	会[かい] (yleisyys: 147.),社会[しゃかい] (yleisyys: 173.),会社[かいしゃ] (yleisyys: 201.),会う[あう] (yleisyys: 484.),会議[かいぎ] (yleisyys: 805.)	会う・あう	tavata	会話・かいわ	keskustelu	大会・たいかい	tapahtuma/kilpailu	出会い・であい	kohtaaminen	あなたに会いたい！	Tahtoisin tavata sinut!	会話れんしゅうをしましょう。	Tehdään keskusteluharjoitus.	こうこうのけんどう大会にさんかしたい。	Haluaisin osallistua lukioiden kendoo-tapahtumaan.	すてきな出会いがありますように。Toivon ihanaa kohtaamista.	Merkin vetojen lukumäärä: 6 <br> <a href="https://jisho.org/search/会%23kanji" target="_blank">会 Jisho-sanakirjassa</a>		
冖	4	comp	冖	ベキ		katos																	Merkin vetojen lukumäärä: 2 <br> <a href="https://jisho.org/search/冖%23kanji" target="_blank">冖 Jisho-sanakirjassa</a>		
彐	4	comp	彐	ケイ		sianpää																	Merkin vetojen lukumäärä: 3 <br> <a href="https://jisho.org/search/彐%23kanji" target="_blank">彐 Jisho-sanakirjassa</a>		
巾	4	comp	巾	キン,フク,おお.い,ちきり,きれ		pyyhe; tekstirulla																	Merkin vetojen lukumäärä: 3 <br> <a href="https://jisho.org/search/巾%23kanji" target="_blank">巾 Jisho-sanakirjassa</a>		
帚	4	comp	彐冖巾	ソウ,シュウ,ほうき		luuta																	Merkin vetojen lukumäärä: 8 <br> <a href="https://jisho.org/search/帚%23kanji" target="_blank">帚 Jisho-sanakirjassa</a>		
刂	4	comp	刂	トウ		veitsi, miekka																	Merkin vetojen lukumäärä: 2 <br> <a href="https://jisho.org/search/刂%23kanji" target="_blank">刂 Jisho-sanakirjassa</a>		
帰	4	target	刂帚	キ,かえ.る,かえ.す,おく.る,とつ.ぐ	キ、かえ-る	palata (kotiin)	帰り[かえり] (yleisyys: 2672.),帰国[きこく] (yleisyys: 3237.),帰宅[きたく] (yleisyys: 3402.),復帰[ふっき] (yleisyys: 3771.)	帰る・かえる	palata takaisin	お帰りなさい・おかえりなさい	tervetuloa kotiin	帰国する・きこくする	palata kotimaahan			買い物をしてからいえに帰った。	Ostoksilla käytyäni palasin kotiin.	お帰り！	Tervetuloa kotiin!	やすみに帰国しますか。	Palaatko (käymään) kotimaahasi lomalla?		Merkin vetojen lukumäärä: 10 <br> <a href="https://jisho.org/search/帰%23kanji" target="_blank">帰 Jisho-sanakirjassa</a>		*帰*
罒	4	comp				variaatio merkistä 目 silmä																			
買	4	target	罒貝		か-う	ostaa		買う・かう	ostaa	買い物・かいもの	shoppailu, ostaminen					高いから何も買いません。	En osta mitään, koska on kallista.	学校のあとで、買い物に行くの？	Menetkö ostoksille koulun jälkeen?						
𠦝	4	comp	𠦝			auringonnousu																	Merkin vetojen lukumäärä: 8 <br> <a href="https://jisho.org/search/𠦝%23kanji" target="_blank">𠦝 Jisho-sanakirjassa</a>		
朝	4	target	𠦝月	チョウ,あさ	チョウ、あさ	aamu	朝[あさ] (yleisyys: 686.),朝鮮[ちょうせん] (yleisyys: 1776.),朝日[あさひ] (yleisyys: 2424.),北朝鮮[きたちょうせん] (yleisyys: 2966.),今朝[けさ] (yleisyys: 3035.)	朝・あさ	aamu	朝ごはん・あさごはん	aamupala	朝食・ちょうしょく	aamiainen	今朝・けさ*	tämä aamu	朝のさんぽはさいこうだ！	Aamukävely on parasta!	朝ごはんはみそしるとごはんだ。	Aamiaiseksi on misokeittoa ja riisiä.	朝食は７からです。	Aamiainen on klo 7 alkaen.	今朝はねぼうした。Tänä aamuna nukuin pommiin.	Merkin vetojen lukumäärä: 12 <br> <a href="https://jisho.org/search/朝%23kanji" target="_blank">朝 Jisho-sanakirjassa</a>		*朝*
旦	4	comp	日一	タン,ダン,あき.らか,あきら,ただし,あさ,あした		aamunkoitto	旦那[だんな] (yleisyys: 1819.),一旦[いったん] (yleisyys: 2543.)																Merkin vetojen lukumäärä: 5 <br> <a href="https://jisho.org/search/旦%23kanji" target="_blank">旦 Jisho-sanakirjassa</a>		
尺	4	comp	尺	シャク		shaku eli jalka (vanha mittayksikkö)																	Merkin vetojen lukumäärä: 4 <br> <a href="https://jisho.org/search/尺%23kanji" target="_blank">尺 Jisho-sanakirjassa</a>		
昼	4	target	尺旦	チュウ,ひる	ちゅう、ひる	keskipäivä, päivä	昼[ひる] (yleisyys: 2171.),昼間[ひるま] (yleisyys: 3583.),昼食[ちゅうしょく] (yleisyys: 3979.)	昼・ひる	keskipäivä, päivä	昼ごはん・ひるごはん	lounas	昼食・ちゅうしょく	lounas			おじいさんはよく昼にねます。	Isoisä nukkuu usein keskipäivällä.	昼ごはんは何にする？	Mitä otetaan lounaaksi?	１時に昼食をとります。	Syömme lounasta klo 13.		Merkin vetojen lukumäärä: 9 <br> <a href="https://jisho.org/search/昼%23kanji" target="_blank">昼 Jisho-sanakirjassa</a>		*昼*
£	4	comp	£			variaatio radikaalista 夕, ilta																		vain komponentti	
夜	4	target	亠亻£	ヤ,よ,よる	よる、よ	ilta, yö	夜[よる] (yleisyys: 515.),今夜[こんや] (yleisyys: 2799.),夜中[よなか] (yleisyys: 3661.),深夜[しんや] (yleisyys: 3867.),昨夜[さくや] (yleisyys: 4034.)	夜・よる	ilta, yö	夜中・よなか	yö, yöllä	昨夜・ゆうべ*				夜になったらほしが見える。	Illan tullen tähdet näkyvät.	夜中にじしんがあった。	Keskellä yötä oli maanjäristys.	昨夜は大きい魚をつりました。	Eilen kalastin ison kalan.		Merkin vetojen lukumäärä: 8 <br> <a href="https://jisho.org/search/夜%23kanji" target="_blank">夜 Jisho-sanakirjassa</a>		*夜*
休	5	target	亻木	キュウ,やす.む,やす.まる,やす.める	キュウ、やす-む	levätä	休む[やすむ] (yleisyys: 2230.),休み[やすみ] (yleisyys: 2313.),休日[きゅうじつ] (yleisyys: 3422.),休暇[きゅうか] (yleisyys: 4049.),夏休み[なつやすみ] (yleisyys: 4164.)	休む・やすむ	levätä, lomailla	休み・やすみ	loma	昼休み・ひるやすみ	lounastauko	休日・きゅうじつ	vapaapäivä	かぜをひいたから、きょうは学校を休む。	Minulla on flunssa, joten olen poissa koulusta tänään.	来月すこし休みをとります。	Otan vähän lomaa ensi kuussa.	昼休みのあとは、そうじのじかんです。	Lounastauon jälkeen on siivoamisen aika.	日曜日は休日です。Sunnuntai on vapaapäivä.	Merkin vetojen lukumäärä: 6 <br> <a href="https://jisho.org/search/休%23kanji" target="_blank">休 Jisho-sanakirjassa</a>		
体	5	target	亻本	タイ,テイ,からだ,かたち	タイ、からだ	keho	体[からだ] (yleisyys: 370.),全体[ぜんたい] (yleisyys: 462.),団体[だんたい] (yleisyys: 652.),体[たい] (yleisyys: 660.),具体[ぐたい] (yleisyys: 795.)	体・からだ	keho	体育・たいいく	liikunta (kouluaine)					体のあちこちがいたい。	(Kehoon) sattuu joka paikkaan.	きょうの体育のじかんはりれいだった。	Tänään liikuntatunnilla oli viestijuoksua.				Merkin vetojen lukumäärä: 7 <br> <a href="https://jisho.org/search/体%23kanji" target="_blank">体 Jisho-sanakirjassa</a>		
豆	5	comp	豆		トウ	papu																			
頁	5	comp	頁		ぺえじ、かしら	pää; (kirjan) sivu																			
頭	5	target	豆頁	トウ,ズ,ト,あたま,かしら,-がしら,かぶり	トウ、あたま	pää; laskupääte suurille eläimille	頭[あたま] (yleisyys: 371.),頭[とう] (yleisyys: 3406.),到頭[とうとう] (yleisyys: 4168.),頭痛[ずつう] (yleisyys: 4835.),冒頭[ぼうとう] (yleisyys: 4899.)	頭・あたま	pää							頭がいたいことはずつうと言います。	Kun pää on kipeä, sitä kutsutaan päänsäryksi.						Merkin vetojen lukumäärä: 16 <br> <a href="https://jisho.org/search/頭%23kanji" target="_blank">頭 Jisho-sanakirjassa</a>		
薬	5	target	艹楽	ヤク,くすり	ヤク、くすり	lääke	薬[くすり] (yleisyys: 1580.),薬[やく] (yleisyys: 2168.),薬物[やくぶつ] (yleisyys: 4769.),薬剤[やくざい] (yleisyys: 4772.)	薬・くすり	lääke	薬局・やっきょく	apteekki					朝の薬をもう飲みましたか。	Otitko jo aamulääkkeesi?	この薬局は休日がありません。	Tällä apteekilla ei ole kiinniolopäiviä.				Merkin vetojen lukumäärä: 16 <br> <a href="https://jisho.org/search/薬%23kanji" target="_blank">薬 Jisho-sanakirjassa</a>		
心	5	target	心	シン,こころ,-ごころ	シン、こころ	sydän	心[こころ] (yleisyys: 272.),中心[ちゅうしん] (yleisyys: 413.),心配[しんぱい] (yleisyys: 773.),安心[あんしん] (yleisyys: 1359.),関心[かんしん] (yleisyys: 1396.)	心・こころ	sydän	中心・ちゅうしん	keskusta, keskikohta					先生のことばはきびしいが心はやさしい。	Opettajan sanat ovat ankarat, mutta hänellä on hyvä sydän.	あにはおおさかの中心にすんでいる。	Isoveljeni asuu Osakan keskustassa.				Merkin vetojen lukumäärä: 4 <br> <a href="https://jisho.org/search/心%23kanji" target="_blank">心 Jisho-sanakirjassa</a>		
元	5	target	二儿	ゲン、ガン、もと	ゲン、ガン、もと	alku, alkuperä	元[もと] (yleisyys: 533.),元気[げんき] (yleisyys: 1208.),元々[もともと] (yleisyys: 1596.),地元[じもと] (yleisyys: 1662.),足元[あしもと] (yleisyys: 3531.)	元元／元々・もともと	alun perin	元気・げんき	pirteä, energinen, terve	元日・がんじつ	vuoden 1. päivä	元年・がんねん　aikakauden 1. vuosi		このたてものは元元病院でしたが、それをホテルかえました。	Tämä rakennus oli alun perin sairaala, mutta se muutettiin hotelliksi.	かぜがなおって元気になった。	Flunssani parani ja tulin terveeksi.	元日にじんじゃへはつもうでに行く。	Vuoden 1. päivänä mennään pyhäkköön ensimmäiselle pyhäkkövierailulle.	令和元年は2019年です。Reiwa-kauden ensimmäinen vuosi on 2019.	Merkin vetojen lukumäärä: 4 <br> <a href="https://jisho.org/search/元%23kanji" target="_blank">元 Jisho-sanakirjassa</a>		*店*
内	5	comp	内	ナイ,ダイ,うち	ナイ、ダイ、うち	sisällä; koti	内[うち] (yleisyys: 181.),内[ない] (yleisyys: 298.),内容[ないよう] (yleisyys: 324.),国内[こくない] (yleisyys: 1101.),内部[ないぶ] (yleisyys: 1601.)																Merkin vetojen lukumäärä: 4 <br> <a href="https://jisho.org/search/内%23kanji" target="_blank">内 Jisho-sanakirjassa</a>		
丙	5	comp	一内	ヘイ,ひのえ	ヘイ	3. luokka																	Merkin vetojen lukumäärä: 5 <br> <a href="https://jisho.org/search/丙%23kanji" target="_blank">丙 Jisho-sanakirjassa</a>		
疒	5	comp	疒	ダク,ニャク,ソウ,ジョウ,シツ,や.む	や-む	sairaus																	Merkin vetojen lukumäärä: 5 <br> <a href="https://jisho.org/search/疒%23kanji" target="_blank">疒 Jisho-sanakirjassa</a>		
病	5	target	疒丙	ビョウ,ヘイ,や.む,-や.み,やまい	ビョウ	sairas	病院[びょういん] (yleisyys: 598.),病気[びょうき] (yleisyys: 1017.),病[びょう] (yleisyys: 1304.)	病気・びょうき	sairas; sairaus	病院・びょういん	sairaala					このまえ、病気のためにけっせきした。	Olin viimeksi poissa sairauden takia.	病院にいとこをおみまいに行った。	Menin sairaalaan katsomaan serkkuani.				Merkin vetojen lukumäärä: 10 <br> <a href="https://jisho.org/search/病%23kanji" target="_blank">病 Jisho-sanakirjassa</a>		*右*
㐅	5	comp				katakana me																			
气	5	comp	气	キ,ケ,いき	キ	höyry																	Merkin vetojen lukumäärä: 4 <br> <a href="https://jisho.org/search/气%23kanji" target="_blank">气 Jisho-sanakirjassa</a>		
気	5	target	气㐅	キ,ケ,いき	キ	mieli; luonne; ilmapiiri	気[き] (yleisyys: 153.),気持ち[きもち] (yleisyys: 364.),気付く[きづく] (yleisyys: 833.),病気[びょうき] (yleisyys: 1017.),人気[にんき] (yleisyys: 1056.)	人気・にんき	suosittu	気分・きぶん	olo, tunne	気がする？				６０ねんだいからえんかは人気があった。	Enka oli suosittua 60-luvulta alkaen.	こんやデートだから、ワクワクな気分だ！	Tänäiltana on treffit, joten oloni on hilpeä.				Merkin vetojen lukumäärä: 6 <br> <a href="https://jisho.org/search/気%23kanji" target="_blank">気 Jisho-sanakirjassa</a>		
母	5	target	母	ボ,はは,も	ボ、はは	äiti	母[はは] (yleisyys: 493.),母親[ははおや] (yleisyys: 1026.),母[かあ] (yleisyys: 1098.),伯母[おば] (yleisyys: 2053.),母子[ぼし] (yleisyys: 4054.)	母・はは	oma äiti	お母さん・おかあさん*	äiti	母語・ぼご	äidinkieli (ei kouluaineena)			母の日に母にカーネーションを買った。	Äitienpäivänä ostin äidille neilikoita.	あの子のお母さんはくろうしている。	Tuon lapsen äidilä on raskasta.	キムくんは日本人だが、母語はかんこく語です。	Kim on japanilainen, mutta hänen äidinkielensä on korea.		Merkin vetojen lukumäärä: 5 <br> <a href="https://jisho.org/search/母%23kanji" target="_blank">母 Jisho-sanakirjassa</a>		*左*
父	5	target			ちち	isä		父・ちち	oma isä	お父さん・おとうさん*	isä					父のしゅみはすうどくです。	Isäni harrastaa sudokuja.	お父さんはお元気ですか。	Mitä isällesi kuuluu?						
市	5	comp	亠巾	シ,いち	シ、いち	kaupunki; tori	市[し] (yleisyys: 168.),都市[とし] (yleisyys: 496.),市場[しじょう] (yleisyys: 639.),市民[しみん] (yleisyys: 715.),市街[しがい] (yleisyys: 3005.)																Merkin vetojen lukumäärä: 5 <br> <a href="https://jisho.org/search/市%23kanji" target="_blank">市 Jisho-sanakirjassa</a>		
姉	5	target	女市	シ,あね,はは	シ、あね	isosisko	姉[あね] (yleisyys: 1791.),姉妹[しまい] (yleisyys: 4537.)	姉・あね	oma isosisko	お姉さん・おねえさん*	isosisko					姉はしゅうしょくかつどう中です。	Isosiskoni on keskellä työnhakua.	すずきさんのお姉さんは頭がいい人です。	Suzukin isosisko on älykäs.				Merkin vetojen lukumäärä: 8 <br> <a href="https://jisho.org/search/姉%23kanji" target="_blank">姉 Jisho-sanakirjassa</a>		
未	5	comp	未	ミ,ビ,いま.だ,ま.だ,ひつじ	ま-だ	ei vielä	未だ[まだ] (yleisyys: 262.),未[み] (yleisyys: 1842.),未来[みらい] (yleisyys: 2096.),未だ[いまだ] (yleisyys: 2264.),未だ未だ[まだまだ] (yleisyys: 2512.)																Merkin vetojen lukumäärä: 5 <br> <a href="https://jisho.org/search/未%23kanji" target="_blank">未 Jisho-sanakirjassa</a>		
妹	5	target	女未	マイ,いもうと	マイ、いもうと	pikkusisko	妹[いもうと] (yleisyys: 2306.),姉妹[しまい] (yleisyys: 4537.)	妹・いもうと	pikkusisko	姉妹・しまい	siskokset					妹は病気にかかっています。	Pikkusiskoni on sairaana.	私には姉妹がいません。	Minulla ei ole siskoja.				Merkin vetojen lukumäärä: 8 <br> <a href="https://jisho.org/search/妹%23kanji" target="_blank">妹 Jisho-sanakirjassa</a>		*後*
兄	5	target	口儿	ケイ,キョウ,あに	キョウ、あに	isoveli	兄[あに] (yleisyys: 1264.),兄弟[きょうだい] (yleisyys: 2198.)	兄・あに	oma isoveli	お兄さん・おにいさん*	isoveli					兄は大学３年生です。	Isoveljeni on 3. vuoden yliopisto-opiskelija.	お兄さんはヨガをやっているから、体がやわらかいです。	Isoveli harrastaa joogaa ja on siksi notkea.				Merkin vetojen lukumäärä: 5 <br> <a href="https://jisho.org/search/兄%23kanji" target="_blank">兄 Jisho-sanakirjassa</a>		
丷	5	comp				"sarvet"																			
弓	5	comp			ゆみ	jousi																			
弟	5	target	丿弓丷丨	テイ,ダイ,デ,おとうと	ダイ、おとうと	pikkuveli	弟[おとうと] (yleisyys: 2153.),兄弟[きょうだい] (yleisyys: 2198.),弟子[でし] (yleisyys: 3592.)	弟・おとうと	pikkuveli	兄弟・きょうだい	sisarukset; veljekset					弟はとても元気でにぎやかな子です。	Pikkuveljeni on hyvin energinen ja vilkas lapsi.	ご兄弟はいますか。	Onko sinulla sisaruksia?				Merkin vetojen lukumäärä: 7 <br> <a href="https://jisho.org/search/弟%23kanji" target="_blank">弟 Jisho-sanakirjassa</a>		*前*
豕	5	comp	豕	シ	シ	sika																	Merkin vetojen lukumäärä: 7 <br> <a href="https://jisho.org/search/豕%23kanji" target="_blank">豕 Jisho-sanakirjassa</a>		
宀	5	comp	宀	ベン,メン	ベン、メン	katto																	Merkin vetojen lukumäärä: 3 <br> <a href="https://jisho.org/search/宀%23kanji" target="_blank">宀 Jisho-sanakirjassa</a>		
家	5	target	宀豕	カ,ケ,いえ,や,うち	カ、いえ、や	talo, koti	家[いえ] (yleisyys: 258.),家[か] (yleisyys: 285.),家族[かぞく] (yleisyys: 478.),家庭[かてい] (yleisyys: 706.),国家[こっか] (yleisyys: 758.)	家・いえ	talo; koti	大家・おおや	vuokranantaja	家族・かぞく	perhe	作家・さっか	kirjailija	学校のあとで、あるいて家に帰る。	Koulun jälkeen palaan kävellen kotiin.	大家さんは昨夜りょこうから帰った。	Vuokranantajani palasi eilen illalla matkoilta.	ぼくの家族はまるくて青い家にすいんでいます。	Perheeni asuu pyöressä, sinisessä talossa.	大好きな作家さんにとしょかんで会いました。Tapasin kirjastossa kirjailijan, josta pidän paljon.	Merkin vetojen lukumäärä: 10 <br> <a href="https://jisho.org/search/家%23kanji" target="_blank">家 Jisho-sanakirjassa</a>		*休*
自	5	target	自	ジ,シ,みずか.ら,おの.ずから,おの.ずと	ジ	itse	自分[じぶん] (yleisyys: 87.),自由[じゆう] (yleisyys: 463.),自然[しぜん] (yleisyys: 519.),自身[じしん] (yleisyys: 542.),自動[じどう] (yleisyys: 580.)	自分・じぶん	itse	自由・じゆう	vapaa; vapaus					これは自分で作ったニットぼうです。	Tämä on itse tekemäni villapipo.	自由にくだものをお食べください。	Olkaa hyvä, syökää hedelmiä vapaasti.				Merkin vetojen lukumäärä: 6 <br> <a href="https://jisho.org/search/自%23kanji" target="_blank">自 Jisho-sanakirjassa</a>		
田	5	target			た	riisipelto		田んぼ・たんぼ	riisipelto							姉の家は田んぼにかこまれています。	Isosiskoni talo on riisipeltojen ympäröimä.								
林	5	target	木木	リン,はやし	リン、はやし	metsikkö	森林[しんりん] (yleisyys: 2218.),林[りん] (yleisyys: 2936.),農林[のうりん] (yleisyys: 3118.),林檎[りんご] (yleisyys: 3460.),林[はやし] (yleisyys: 4995.)	林・はやし	metsikkö							学校のちかくには林があります。	Koulun lähellä on metsikkö.						Merkin vetojen lukumäärä: 8 <br> <a href="https://jisho.org/search/林%23kanji" target="_blank">林 Jisho-sanakirjassa</a>		*秋*
森	5	target	木林	シン,もり	シン、もり	metsä	森[もり] (yleisyys: 1644.),森林[しんりん] (yleisyys: 2218.)	森・もり	metsä	森林・しんりん	metsä					おおかみは森の中にすんでいます。	Sudet asuvat metsässä.	森林のくうきがおいしい。	Metsäilma on raikasta.				Merkin vetojen lukumäärä: 12 <br> <a href="https://jisho.org/search/森%23kanji" target="_blank">森 Jisho-sanakirjassa</a>		*冬*
山	5	target	山	サン,セン,やま	サン、やま	vuori	山[やま] (yleisyys: 494.),沢山[たくさん] (yleisyys: 894.),沢山[たくさん] (yleisyys: 1929.),山[さん] (yleisyys: 3547.),登山[とざん] (yleisyys: 4317.)	山・やま	vuori	火山・かざん	tulivuori	〜山・さん	-vuori (nimissä)			山のぼりのとちゅうで、すこし休みます。	Kesken vuorelle kiipeämisen lepään hieman.	火山がふんかしたら、はいが出る。	Kun tulivuori purkautuu, tulee tuhkaa.	このホテルからふじ山が見える。	Tältä hotellilta näkyy Fuji-vuorelle.		Merkin vetojen lukumäärä: 3 <br> <a href="https://jisho.org/search/山%23kanji" target="_blank">山 Jisho-sanakirjassa</a>	vain komponentti	
匕	5	comp	匕		ヒ、さじ	lusikka																			
化	5	comp	亻匕	カ,ケ,ば.ける,ば.かす,ふ.ける,け.する	カ	muutos, vaikutus	化[か] (yleisyys: 133.),文化[ぶんか] (yleisyys: 423.),変化[へんか] (yleisyys: 464.),強化[きょうか] (yleisyys: 1287.),化学[かがく] (yleisyys: 1745.)																Merkin vetojen lukumäärä: 4 <br> <a href="https://jisho.org/search/化%23kanji" target="_blank">化 Jisho-sanakirjassa</a>		
花	5	target	艹化	カ,ケ,はな	はな	kukka	花[はな] (yleisyys: 540.),花火[はなび] (yleisyys: 4892.)	花・はな	kukka	花見・はなみ	kirsikankukkajuhla	花火・はなび	ilotulitus			花に水をやってください。	Anna kukille vettä.	明日こうえんに花見にでかける。	Huomenna menemme puistoon kirsikankukkajuhlaan.	ゆかたをきて花火大会を見に行きましょう。	Pukeudutaan yukataan ja mennään katsomaan ilotulitusnäytöstä.		Merkin vetojen lukumäärä: 7 <br> <a href="https://jisho.org/search/花%23kanji" target="_blank">花 Jisho-sanakirjassa</a>		*春*
$	4	comp	$			kevät-merkin yläosa																		vain komponentti	
春	5	target	$日	シュン,はる	シュン、はる	kevät	春[はる] (yleisyys: 1296.)	春・はる	kevät	春分の日・しゅんぶんのひ	kevätpäiväntasaus					春になったら花がさく。	Kun kevät tulee, kukat kukkivat.	日本で春分の日は休日です。	Japanissa kevätpäiväntasaus on vapaapäivä.				Merkin vetojen lukumäärä: 9 <br> <a href="https://jisho.org/search/春%23kanji" target="_blank">春 Jisho-sanakirjassa</a>		
夂	5	comp	夂	チ,しゅう	チ、しゅう	myöhäinen, myöhästynyt																	Merkin vetojen lukumäärä: 3 <br> <a href="https://jisho.org/search/夂%23kanji" target="_blank">夂 Jisho-sanakirjassa</a>		
夏	5	target	一自夂	カ,ガ,ゲ,なつ	なつ	kesä	夏[なつ] (yleisyys: 994.),夏休み[なつやすみ] (yleisyys: 4164.)	夏・なつ	kesä	夏休み・なつやすみ	kesäloma					夏はすずしい山へ行きましょう！	Mennään kesällä viileille vuorille.	日本での学校の夏休みは七月、八月。	Japanissa koulujen kesäloma on heinä-elokussa.				Merkin vetojen lukumäärä: 10 <br> <a href="https://jisho.org/search/夏%23kanji" target="_blank">夏 Jisho-sanakirjassa</a>		
秋	5	target	禾火	シュウ,あき,とき	シュウ、あき	syksy	秋[あき] (yleisyys: 1357.)	秋・あき	syksy	秋分の日・しゅうぶんのひ	syyspäiväntasaus					秋はもみじを楽しむきせつです。	Syksy on vuodenaika, jolloin nautitaan ruskasta.	春分の日はことし、金曜日です。					Merkin vetojen lukumäärä: 9 <br> <a href="https://jisho.org/search/秋%23kanji" target="_blank">秋 Jisho-sanakirjassa</a>		*温*
冬	5	target	夂丶	トウ,ふゆ	ふゆ	talvi	冬[ふゆ] (yleisyys: 1501.)	冬・ふゆ	talvi							フィンランドの冬はながくて、暗いです。	Suomen talvi on pitkä ja pimeä.						Merkin vetojen lukumäärä: 5 <br> <a href="https://jisho.org/search/冬%23kanji" target="_blank">冬 Jisho-sanakirjassa</a>		*泉*
右	5	target	𠂇口	ウ,ユウ,みぎ	ユウ、みぎ	oikea	右[みぎ] (yleisyys: 897.),左右[さゆう] (yleisyys: 1892.),右手[みぎて] (yleisyys: 2761.),右側[みぎがわ] (yleisyys: 4765.)	右・みぎ	oikea 	右手・みぎて	oikea käsi	右側・みぎがわ	oikea puoli			二ばんめのこうだてんで、右にまがってください。	Käänny oikealle toisesta risteyksestä.	右手を上げてください。	Nosta oikea käsi.	薬局は病院の右側です。	Apteekki on sairaalan oikealla puolella.		Merkin vetojen lukumäärä: 5 <br> <a href="https://jisho.org/search/右%23kanji" target="_blank">右 Jisho-sanakirjassa</a>		
工	5	comp	工	コウ,ク,グ	コウ、ク、グ	työ	工事[こうじ] (yleisyys: 1247.),工場[こうじょう] (yleisyys: 1292.),工業[こうぎょう] (yleisyys: 1485.),加工[かこう] (yleisyys: 2183.),工夫[くふう] (yleisyys: 2190.)																Merkin vetojen lukumäärä: 3 <br> <a href="https://jisho.org/search/工%23kanji" target="_blank">工 Jisho-sanakirjassa</a>		
左	5	target	𠂇工	サ,シャ,ひだり	サ、ひだり	vasen	左[ひだり] (yleisyys: 1149.),左右[さゆう] (yleisyys: 1892.),左手[ひだりて] (yleisyys: 3296.),左側[ひだりがわ] (yleisyys: 4828.)	左・ひだり	vasen	左右・さゆう	vasen ja oikea					妹は父の左にすわっています。	Pikkusisko istuu isän vasemmalla puolella.	左右をよく見てとおりをわたりなさい。	Katso tarkkaan molempiin suuntiin ennen kuin ylität tien.				Merkin vetojen lukumäärä: 5 <br> <a href="https://jisho.org/search/左%23kanji" target="_blank">左 Jisho-sanakirjassa</a>		*線*
前	5	target	丷一月刂	ゼン,まえ,-まえ	ゼン、まえ	edessä; ennen	前[まえ] (yleisyys: 111.),名前[なまえ] (yleisyys: 569.),御前[おまえ] (yleisyys: 653.),午前[ごぜん] (yleisyys: 689.),以前[いぜん] (yleisyys: 716.)	前・まえ	etupuoli, edessä, ennen							私の家の前に赤い花がさきます。	Taloni edessä kukkii punaisia kukkia.	家を出る前にはをみがきます。	Pesen hampaat ennen kuin lähden kotoa.				Merkin vetojen lukumäärä: 9 <br> <a href="https://jisho.org/search/前%23kanji" target="_blank">前 Jisho-sanakirjassa</a>		
幺	5	comp	幺	ヨウ,ちいさい	ヨウ、ちいさい	rihma																	Merkin vetojen lukumäärä: 3 <br> <a href="https://jisho.org/search/幺%23kanji" target="_blank">幺 Jisho-sanakirjassa</a>		
後	5	target	彳夂幺	ゴ,コウ,のち,うし.ろ,うしろ,あと,おく.れる	ゴ、あと	takana; jälkeen	後[あと] (yleisyys: 141.),後[ご] (yleisyys: 274.),最後[さいご] (yleisyys: 472.),午後[ごご] (yleisyys: 513.),今後[こんご] (yleisyys: 637.)	後ろ・うしろ	takapuoli, takana	後・あと	jälkeen					ねこはれいぞうこの後ろにかくれています。	Kissa piilottelee jääkaapin takana.	学校の後で友達と会う。	Tapaan ystävän koulun jälkeen.				Merkin vetojen lukumäärä: 9 <br> <a href="https://jisho.org/search/後%23kanji" target="_blank">後 Jisho-sanakirjassa</a>		*元*
内	5	target			ナイ、うち	sisällä, sisäpuoli		内・うち	sisäpuoli, sisällä	国内・こくない	kansallinen (maan sisäinen)							国内ニュースにきょうみがありますか。	Oletko kiinnostunut kotimaan uutisista?						
卜	5	comp	卜	ボク,うらな.う,うらない	ボク、うらな.う、うらない	ennustus										友だちと家の外でよくあそびます。	Pidän usein kavereiden kanssa hauskaa kodin ulkopuolella.						Merkin vetojen lukumäärä: 2 <br> <a href="https://jisho.org/search/卜%23kanji" target="_blank">卜 Jisho-sanakirjassa</a>		
夕	5	comp	夕	セキ,ゆう	セキ、ゆう	ilta 	夕方[ゆうがた] (yleisyys: 2535.),夕食[ゆうしょく] (yleisyys: 3271.)																Merkin vetojen lukumäärä: 3 <br> <a href="https://jisho.org/search/夕%23kanji" target="_blank">夕 Jisho-sanakirjassa</a>		
外	5	target	夕卜	ガイ,ゲ,そと,ほか,はず.す,はず.れる,と-	ガイ、そと	ulkona, ulkopuoli	以外[いがい] (yleisyys: 467.),外国[がいこく] (yleisyys: 701.),外[そと] (yleisyys: 718.),海外[かいがい] (yleisyys: 1084.),外[がい] (yleisyys: 1798.)	外・そと	ulkopuoli, ulkona	外国・がいこく	ulkomaa(t)	外国人・がいこくじん	ulkomaalainen										Merkin vetojen lukumäärä: 5 <br> <a href="https://jisho.org/search/外%23kanji" target="_blank">外 Jisho-sanakirjassa</a>		
止	5	target	止	シ,と.まる,-ど.まり,と.める,-と.める,-ど.め,とど.める,とど.め,とど.まる,や.める,や.む,-や.む,よ.す,-さ.す,-さ.し	と.まる	pysähtyä  	止める[やめる] (yleisyys: 769.),止める[とめる] (yleisyys: 984.),防止[ぼうし] (yleisyys: 1089.),止まる[とまる] (yleisyys: 1407.),禁止[きんし] (yleisyys: 1704.)	止まる・とまる	pysähtyä	止める・とめる	pysäyttää	止まれ・とまれ	pysähdy; seis										Merkin vetojen lukumäärä: 4 <br> <a href="https://jisho.org/search/止%23kanji" target="_blank">止 Jisho-sanakirjassa</a>		
車	5	target	車	シャ,くるま	シャ、くるま	auto	車[しゃ] (yleisyys: 333.),車[くるま] (yleisyys: 402.),電車[でんしゃ] (yleisyys: 1978.),駐車[ちゅうしゃ] (yleisyys: 2013.),車両[しゃりょう] (yleisyys: 2377.)	車・くるま	auto	電車・でんしゃ	juna												Merkin vetojen lukumäärä: 7 <br> <a href="https://jisho.org/search/車%23kanji" target="_blank">車 Jisho-sanakirjassa</a>	Merkin alkuperäinen merkitys on 'kärryt', ja alkuperäinen piktogrammi kuvaa kärryjä ylhäältä kuvattuna	
午	5	target	𠂉十	ゴ,うま	ゴ	keskipäivä  	午後[ごご] (yleisyys: 513.),午前[ごぜん] (yleisyys: 689.),正午[しょうご] (yleisyys: 3901.)	午前・ごぜん	aamupäivä	午後・ごご	iltapäivä												Merkin vetojen lukumäärä: 4 <br> <a href="https://jisho.org/search/午%23kanji" target="_blank">午 Jisho-sanakirjassa</a>		*気*
毋	5	comp	毋			Variaatio merkistä 母																		vain komponentti	
毎	5	target	𠂉毋	マイ,ごと,-ごと.に	マイ	jokainen	毎日[まいにち] (yleisyys: 798.),毎[ごと] (yleisyys: 1001.),毎年[まいとし] (yleisyys: 1955.),毎週[まいしゅう] (yleisyys: 3261.),毎月[まいつき] (yleisyys: 3327.)	毎日・まいにち	joka päivä	毎月・まいつき	joka kuukausi	毎年・まいとし	joka vuosi			この薬を毎食後飲みなさい。							Merkin vetojen lukumäärä: 6 <br> <a href="https://jisho.org/search/毎%23kanji" target="_blank">毎 Jisho-sanakirjassa</a>		
間	5	target	門日	カン,ケン,あいだ,ま,あい	カン、ゲン、あいだ	tila; väli	時間[じかん] (yleisyys: 134.),人間[にんげん] (yleisyys: 192.),間[あいだ] (yleisyys: 228.),期間[きかん] (yleisyys: 525.),年間[ねんかん] (yleisyys: 564.)	間・あいだ	tila; väli	時間・じかん	ajanjakso	一年間・いちねんかん	vuoden ajan	人間・にんげん	ihminen								Merkin vetojen lukumäärä: 12 <br> <a href="https://jisho.org/search/間%23kanji" target="_blank">間 Jisho-sanakirjassa</a>		
周	5	comp	冂土口	シュウ,まわ.り	シュウ、まわ-り	ympärysmitta; kierros(määrä)	周り[まわり] (yleisyys: 1109.),周辺[しゅうへん] (yleisyys: 1371.),周囲[しゅうい] (yleisyys: 1627.),周年[しゅうねん] (yleisyys: 4172.),周波[しゅうは] (yleisyys: 4172.)																Merkin vetojen lukumäärä: 8 <br> <a href="https://jisho.org/search/周%23kanji" target="_blank">周 Jisho-sanakirjassa</a>		
⻌	5	comp	⻌			tie																	Merkin vetojen lukumäärä: 4 <br> <a href="https://jisho.org/search/辶%23kanji" target="_blank">辶 Jisho-sanakirjassa</a>		
週	5	target	⻌周	シュウ	シュウ	viikko	週間[しゅうかん] (yleisyys: 1016.),週[しゅう] (yleisyys: 2190.),毎週[まいしゅう] (yleisyys: 3261.),今週[こんしゅう] (yleisyys: 4157.),週末[しゅうまつ] (yleisyys: 4673.)	週・しゅう	viikko	週末・しゅうまつ	viikonloppu												Merkin vetojen lukumäärä: 11 <br> <a href="https://jisho.org/search/週%23kanji" target="_blank">週 Jisho-sanakirjassa</a>		*話*
攵	5	comp	攵	ホク	ホク	lyödä																	Merkin vetojen lukumäärä: 4 <br> <a href="https://jisho.org/search/攵%23kanji" target="_blank">攵 Jisho-sanakirjassa</a>		
耂	5	comp	耂			Variantti radikaalista 老, vanhus																	Merkin vetojen lukumäärä: 6 <br> <a href="https://jisho.org/search/耂%23kanji" target="_blank">耂 Jisho-sanakirjassa</a>		
孝	5	comp	耂子	コウ,キョウ	コウ、キョウ	vanhempien kunnioitus																	Merkin vetojen lukumäärä: 7 <br> <a href="https://jisho.org/search/孝%23kanji" target="_blank">孝 Jisho-sanakirjassa</a>		
教	5	target	孝攵	キョウ,おし.える,おそ.わる	キョウ、おし-える	opettaa	教える[おしえる] (yleisyys: 267.),教育[きょういく] (yleisyys: 309.),宗教[しゅうきょう] (yleisyys: 1369.),教授[きょうじゅ] (yleisyys: 1375.),教室[きょうしつ] (yleisyys: 1416.)	教える・おしえる	opettaa	教育・きょういく	koulutus	教会・きょうかい	kirkko										Merkin vetojen lukumäärä: 11 <br> <a href="https://jisho.org/search/教%23kanji" target="_blank">教 Jisho-sanakirjassa</a>		
文	5	target	文	ブン,モン,ふみ,あや	ブン	lause; kirjoitus, teksti	文化[ぶんか] (yleisyys: 423.),文字[もじ] (yleisyys: 629.),文[ぶん] (yleisyys: 1285.),文学[ぶんがく] (yleisyys: 1682.),文書[ぶんしょ] (yleisyys: 1694.)	文・ぶん	lause	文章・ぶんしょう	teksti	本文・ほんぶん	kirjan kappale	作文・さくぶん	文字・もじ*	merkki							Merkin vetojen lukumäärä: 4 <br> <a href="https://jisho.org/search/文%23kanji" target="_blank">文 Jisho-sanakirjassa</a>		
聿	5	comp	聿	イチ,イツ,ふで,ここに	ふで	sivellin																	Merkin vetojen lukumäärä: 6 <br> <a href="https://jisho.org/search/聿%23kanji" target="_blank">聿 Jisho-sanakirjassa</a>		
書	5	target	聿日	ショ,か.く,-が.き,-がき	ショ、か-く	kirjoittaa	書く[かく] (yleisyys: 199.),書[しょ] (yleisyys: 326.),図書[としょ] (yleisyys: 1411.),文書[ぶんしょ] (yleisyys: 1694.),書類[しょるい] (yleisyys: 1981.)	書く・かく	kirjoittaa	読書・どくしょ	kirjojen lukeminen												Merkin vetojen lukumäärä: 10 <br> <a href="https://jisho.org/search/書%23kanji" target="_blank">書 Jisho-sanakirjassa</a>		*決*
士	5	comp	士	シ,さむらい	シ、さむらい	samurai; oppinut mies	士[し] (yleisyys: 780.),同士[どうし] (yleisyys: 1881.),博士[はかせ] (yleisyys: 2510.),武士[ぶし] (yleisyys: 3440.),兵士[へいし] (yleisyys: 3516.)																Merkin vetojen lukumäärä: 3 <br> <a href="https://jisho.org/search/士%23kanji" target="_blank">士 Jisho-sanakirjassa</a>		
売	5	comp	士儿冖	バイ,う.る,う.れる	バイ、う-る	myydä	販売[はんばい] (yleisyys: 717.),売る[うる] (yleisyys: 1060.),発売[はつばい] (yleisyys: 1747.),売り上げ[うりあげ] (yleisyys: 2368.),売れる[うれる] (yleisyys: 2845.)																Merkin vetojen lukumäärä: 7 <br> <a href="https://jisho.org/search/売%23kanji" target="_blank">売 Jisho-sanakirjassa</a>		
読	5	target	言売	ドク,トク,トウ,よ.む,-よ.み	ドク、よ-む	lukea	読む[よむ] (yleisyys: 375.),読者[どくしゃ] (yleisyys: 2684.),読み取る[よみとる] (yleisyys: 4789.),読書[どくしょ] (yleisyys: 4960.)	読む・よむ	lukea	読み方・よみかた	lukutapa												Merkin vetojen lukumäärä: 14 <br> <a href="https://jisho.org/search/読%23kanji" target="_blank">読 Jisho-sanakirjassa</a>		
言	5	target			ゲン、い-う	sanoa		言う・いう（ゆう）	sanoa	言語・げんご	kieli	方言・ほうげん	murre												
歌	5	target			カ、うた-う	laulaa, laulu		歌・うた	laulu	歌う・うたう	laulaa	歌手・かしゅ	laulaja										Merkin vetojen lukumäärä: 12 <br> <a href="https://jisho.org/search/道%23kanji" target="_blank">道 Jisho-sanakirjassa</a>		
フ	5	comp				katakana fu																			
今	5	target	𠆢一フ	コン,キン,いま	コン、いま	nyt	今[いま] (yleisyys: 99.),今日[きょう] (yleisyys: 247.),今回[こんかい] (yleisyys: 560.),今後[こんご] (yleisyys: 637.),今度[こんど] (yleisyys: 762.)	今・いま	nyt	今日・きょう*	tänään	今週・こんしゅう	tämä viikko	今年・ことし*	tämä vuosi*	今朝・けさ*　tämän päivän aamu							Merkin vetojen lukumäärä: 4 <br> <a href="https://jisho.org/search/今%23kanji" target="_blank">今 Jisho-sanakirjassa</a>		*起*
去	5	target	土厶	キョ,コ,さ.る,-さ.る	キョ	mennyt (aika)	過去[かこ] (yleisyys: 996.),去る[さる] (yleisyys: 2370.),去年[きょねん] (yleisyys: 2932.),除去[じょきょ] (yleisyys: 4592.)	去年・きょねん	viime vuosi														Merkin vetojen lukumäärä: 5 <br> <a href="https://jisho.org/search/去%23kanji" target="_blank">去 Jisho-sanakirjassa</a>	Merkityksen 'riisi' lisäksi tällä merkillä voidaan tarkoittaa Yhdysvaltoja 米国 (べいこく). Esimerkiksi sanomalehtiotsikossa Yhdysvaltojen ja Japanin suhteisiin voidaan viitata lyhyesti 日米.	*米*
昨	5	target	日乍	サク	サク	aikaisempi; eilinen	昨日[きのう] (yleisyys: 794.),昨年[さくねん] (yleisyys: 1506.),昨夜[さくや] (yleisyys: 4034.)	昨日・きのう*	eilinen, eilen	昨夜・ゆうべ	eilisilta												Merkin vetojen lukumäärä: 9 <br> <a href="https://jisho.org/search/昨%23kanji" target="_blank">昨 Jisho-sanakirjassa</a>		
夕	5	target	夕	セキ,ゆう	ゆう	ilta 	夕方[ゆうがた] (yleisyys: 2535.),夕食[ゆうしょく] (yleisyys: 3271.)	夕方・ゆうがた	ilta; alkuilta	夕食・ゆうしょく	päivällinen												Merkin vetojen lukumäärä: 3 <br> <a href="https://jisho.org/search/夕%23kanji" target="_blank">夕 Jisho-sanakirjassa</a>		
方	5	target	方	ホウ,かた,-かた,-がた	ホウ、かた	suunta; tapa	方[ほう] (yleisyys: 96.),方[かた] (yleisyys: 154.),貴方[あなた] (yleisyys: 175.),方法[ほうほう] (yleisyys: 260.),地方[ちほう] (yleisyys: 391.)	〜方・かた	tekemisen tapa	方・かた	henkilö (kunnioittava)	方向・ほうこう	suunta			かんじの読み方と書き方をおぼえましょう！	Opetellaan kanjien lukutavat ja kirjoitustavat!						Merkin vetojen lukumäärä: 4 <br> <a href="https://jisho.org/search/方%23kanji" target="_blank">方 Jisho-sanakirjassa</a>		
免	5	comp	免	メン,まぬか.れる,まぬが.れる	メン	irtisanoa, vapauttaa	御免[ごめん] (yleisyys: 2160.),免許[めんきょ] (yleisyys: 2519.),免疫[めんえき] (yleisyys: 4192.),免除[めんじょ] (yleisyys: 4714.)																Merkin vetojen lukumäärä: 8 <br> <a href="https://jisho.org/search/免%23kanji" target="_blank">免 Jisho-sanakirjassa</a>		
晩	5	target	日免	バン	バン	ilta, myöhäisilta	晩[ばん] (yleisyys: 2788.)	晩・ばん	ilta; myöhäisilta	晩ご飯・ばんごはん	illallinen					朝から晩まではたらきました。	Työskentelin aamusta iltaan.						Merkin vetojen lukumäärä: 12 <br> <a href="https://jisho.org/search/晩%23kanji" target="_blank">晩 Jisho-sanakirjassa</a>		
